"","district.code","rainfall_Q1","rainfall_Q2","rainfall_Q3","rainfall_Q4","rainfallsq_Q1","rainfallsq_Q2","rainfallsq_Q3","rainfallsq_Q4"
"1","0101",0.807409680854124,0.509759017050743,1.3712794141068,-0.163272475379564,0.651910392736958,0.25985425546454,1.88040723155309,0.0266579012165702
"2","0102",1.12594593689942,1.03279536222099,1.56704688575126,-0.26694006984509,1.26775425282031,1.06666626022518,2.45563594214272,0.0712570008889013
"3","0104",1.22866653635062,1.22148178952601,1.61180296492709,-0.301214029517695,1.50962145754782,1.49201776214366,2.59790879774776,0.0907298915782868
"4","0105",1.14258429137128,0.994497559270592,1.34881191121371,-0.106051264474958,1.30549886288842,0.989025395395166,1.81929357183198,0.0112468706967375
"5","0106",1.48381742442898,1.00582843762039,1.06688632688273,0.0402592546578796,2.20171414903906,1.01169084592588,1.13824643448932,0.001620807585608
"6","0107",1.867853665781,0.68138832208948,1.31192608993042,-0.290135369076662,3.48887731677152,0.464290045479917,1.72115006544011,0.084178532389251
"7","0108",0.991231553416203,0.827412802843775,1.3892016955229,-0.218049914212995,0.982539992487898,0.684611946309792,1.92988135084369,0.0475457650882947
"8","0109",0.811692304811626,0.692492554687492,1.77888684622191,-0.230650834042597,0.65884439769041,0.47954593829761,3.16443841166133,0.0531998072445456
"9","0110",0.970883637125193,1.06703465928326,1.8116924664508,-0.173724198214349,0.942615036837444,1.13856296411175,3.28222959299459,0.0301800970452184
"10","0111",0.87724859787075,0.931651290970819,1.9471974316664,-0.206489156667743,0.769565102466197,0.867974127967594,3.79157783788821,0.0426377718213555
"11","0112",1.30349230212863,1.19619554964638,1.80354873086989,-0.105464368142434,1.69909218170861,1.43088379299381,3.25278802462239,0.0111227329476829
"12","0113",1.37783941459413,1.03018070863086,1.50455507882737,-0.208691766107108,1.89844145240908,1.06127229243519,2.26368598522522,0.0435522532409039
"13","0114",1.42871844458792,1.22544429336706,1.78844951521941,-0.0120737102077228,2.04123639390572,1.50171371614589,3.19855166848853,0.00014577447818007
"14","0115",1.51942202602825,0.99012778743656,1.35312443646936,-0.139210888059889,2.30864329317978,0.980353035454019,1.83094574057052,0.0193796713544229
"15","0116",1.69550936252211,0.939430010137703,1.24622578283228,-0.188305889822018,2.87475199840012,0.882528743947325,1.55307870179592,0.0354591081416621
"16","0117",1.73212092042762,1.23906211627453,1.28680227308944,-0.0364958097950868,3.00024288298301,1.53527492798671,1.65586009002814,0.00133194413259916
"17","0118",1.35962881139127,1.14901749587703,1.47645925491238,-0.151275428044362,1.84859050476523,1.32024120583153,2.17993193141643,0.0228842551300051
"18","0119",1.85291441641276,0.89463400584595,1.22368603100005,-0.296891854209025,3.43329183455025,0.800370004415972,1.49740750246465,0.0881447730956731
"19","0120",1.67590779148217,1.04756548090348,1.16106835903978,-0.154633184407482,2.80866692555066,1.09739343678054,1.34807973436334,0.0239114217199984
"20","0121",1.71255873854487,0.965088884873779,1.13739375863223,-0.310764619769869,2.93285743296638,0.931396555706914,1.29366456217556,0.096574648900711
"21","0122",1.81995337403951,0.8091934898603,1.11059742486876,-0.330903335014485,3.31223028367778,0.654794104032291,1.23342664012513,0.109497017123709
"22","0201",1.68704639770855,0.721244011101698,1.180493301431,-0.200418108592808,2.84612554802138,0.520192923550066,1.39356443472345,0.0401674182519185
"23","0202",1.70852828184486,0.632219070786511,1.12611976808172,0.0345939877254602,2.91906888986376,0.39970095346616,1.26814573206442,0.00119674398674929
"24","0203",1.5816721024526,0.858818716303406,0.516893466096966,0.0459185729317641,2.50168663967683,0.737569587473029,0.267178855293736,0.00210851534008974
"25","0204",1.54682434911571,0.703630003500538,0.618093228461536,0.398047173935067,2.39266556701723,0.495095181826167,0.382039239070004,0.158441552677693
"26","0205",1.57080020310648,0.597578572374884,0.924379265894289,0.30564192162696,2.46741327807936,0.357100150161604,0.854477027215264,0.0934169842558208
"27","0206",1.04560642038407,0.337204037486707,0.524288609377702,-0.110710560344256,1.09329278634839,0.113706562897336,0.274878545923205,0.0122568281717391
"28","0207",1.52992045366022,0.88007098852289,1.1667011427905,0.137782627051161,2.34065659452788,0.774524944839657,1.36119155658865,0.0189840523171193
"29","0208",0.912745608040846,0.523340022003891,0.343314602470693,0.0598101294744726,0.833104544997853,0.273884778631033,0.11786491626961,0.00357725158775317
"30","0209",1.69259800707149,0.891154349316305,0.490421456683019,0.700751730290641,2.86488801354237,0.794156074305366,0.240513205175095,0.491052987505328
"31","0210",1.70445463365502,1.06094233298238,0.1341519433194,0.686550323768688,2.90516559818807,1.12559863391408,0.0179967438963716,0.471351347066891
"32","0211",1.63802070900639,0.996041495835609,0.43511059114862,0.488777701750975,2.68311184313379,0.992098661426437,0.189321226529702,0.238903641728965
"33","0212",1.61806446047246,1.04093581620049,0.132069286253283,0.428794779057697,2.61813259824402,1.08354737344897,0.0174422963714517,0.183864962547139
"34","0301",1.79530534417743,0.579301413451533,1.03731992120492,-0.417243920529723,3.22312127883206,0.335590127626944,1.07603261892858,0.174092489219014
"35","0302",1.62934266164754,0.664792881738545,0.898735872654106,-0.470488262040108,2.6547575090647,0.441949575610239,0.807726168795337,0.221359204717521
"36","0303",1.66884824355524,0.707489434411834,0.989411326382746,-0.360763531026942,2.78505446001741,0.500541299804377,0.978934772774464,0.130150325319028
"37","0304",1.68382467318931,0.849463999594227,1.14496328012393,-0.114113002144489,2.83526553004108,0.721589086606622,1.31094091283215,0.0130217772584281
"38","0305",1.64171293448333,0.945679821111607,0.968912194392038,0.134966676961681,2.69522135924987,0.894310324057681,0.938790840441595,0.0182160038900788
"39","0306",1.82699818599234,1.00589188938566,0.382657831874017,0.346333407471278,3.33792237161928,1.01181849313186,0.146427016294523,0.119946829130667
"40","0307",1.73012972071349,0.915790628376929,0.731697832998244,0.000469503392654336,2.99334885049613,0.838672475023011,0.535381718814326,0.000000220433435713931
"41","0308",1.44111652516272,0.484663488310978,0.6974365566552,-0.444300251200335,2.07681683909708,0.234898696901766,0.486417750559062,0.197402713216681
"42","0309",1.2806985090614,0.22637849246219,0.532161471757864,-0.664946637374643,1.64018867111209,0.0512472218494539,0.283195832023496,0.442154030555846
"43","0310",1.27246954024654,0.397347590116165,0.39732001243781,-0.670913065628009,1.61917873085525,0.157885107371124,0.157863192283581,0.450124341630373
"44","0311",1.29770589598925,0.286067613781776,0.472351084786892,-0.60471281715518,1.68404059248525,0.0818346796547993,0.223115547299353,0.365677591231754
"45","0313",1.46836500181125,1.0536260363884,0.339475296549188,0.340815251439839,2.15609577854416,1.11012782455553,0.115243476967159,0.116155035614001
"46","0314",1.76177647426884,1.25499364472689,0.329850865813106,0.787951147098729,3.10385634528716,1.57500904830488,0.108801593677656,0.620867010214203
"47","0315",1.48689795810155,0.177005583756323,0.700494909022987,-0.650614812234978,2.21086553780657,0.0313309766809167,0.490693117567122,0.423299633899556
"48","0316",1.37028582202421,0.20746847844279,0.689454805082983,-0.659773757976612,1.87768323404056,0.0430431695473665,0.475347928252014,0.435301411714581
"49","0317",1.65991594625892,1.00668461091093,0.652021901165557,0.521914430141027,2.75532094864465,1.01341390584489,0.425132559599548,0.272394672389433
"50","0318",1.86396988646312,1.08767458904972,0.380391950139713,0.600538068226061,3.47438373764132,1.18303601166448,0.144698035731094,0.360645971388689
"51","0319",1.60592067248372,1.2397338814608,0.34936055997345,0.62171679478751,2.57898120631055,1.53694009684185,0.122052800864963,0.386531772920854
"52","0320",1.5675444894252,1.01614911021133,0.466511327957716,-0.0345804497738097,2.4571957263273,1.03255901418327,0.217632819112871,0.00119580750655898
"53","0401",1.86652524129966,0.985797089523298,0.403560323387995,0.547284067720854,3.48391647640877,0.971795901712606,0.162860934613023,0.299519850781084
"54","0501",1.60837035218195,1.14161445902612,0.175273048977788,0.842113466238185,2.58685518977789,1.30328357305749,0.0307206416979701,0.70915509001969
"55","0502",1.74272562914729,0.731819641218776,0.0899311643433045,0.514763979515997,3.03709261848683,0.535559987273578,0.00808761432014245,0.264981954607145
"56","0503",1.76598225522933,1.02512319202169,0.218880732733126,0.662474955143678,3.11869332578488,1.05087755882074,0.0479087751617901,0.438873066192618
"57","0504",1.57049371123167,1.1080603881859,0.122944806825917,0.948640473319192,2.46645049701823,1.22779782386669,0.015115425525462,0.899918747619261
"58","0505",1.52590153167854,1.09117709922075,-0.029646970720143,0.841134645759046,2.32837548437892,1.1906674618638,0.000878942872881019,0.707507492296195
"59","0506",1.56501616688042,1.15840096556304,-0.111749024603142,0.350787940276741,2.4492756025971,1.34189279701737,0.0124878444997536,0.123052179043599
"60","0507",1.61327183132384,0.268456670281309,-0.150447686100495,0.170471541685515,2.60264600174298,0.0720689838185277,0.0226345062529932,0.0290605465246361
"61","0508",1.6170456823868,0.597317050994796,0.048671799775082,0.154309079800164,2.61483673892578,0.356787659409119,0.00236894409334567,0.0238112921087734
"62","0509",1.63971049944025,0.925679486361375,0.0277103476406378,-0.033802487764545,2.68865052197458,0.856882511470259,0.000767863366365003,0.00114260817907222
"63","0510",1.8109537007815,0.602598305491124,-0.0979381885678705,-0.128559010476805,3.27955330637421,0.363124717780774,0.00959188877995575,0.0165274191747751
"64","0511",1.72371983286072,0.979012702447105,-0.295328889474592,-0.127976003342683,2.97121006219739,0.958465871552783,0.0872191529582956,0.0163778574315663
"65","0512",1.80331434340266,0.759256936422008,-0.588906083325639,-0.206692659582283,3.25194262112176,0.576471095504933,0.346810374977945,0.0427218555251975
"66","0513",1.50061629286246,1.25368708008394,-0.281274720733081,0.678773395949299,2.25184925840428,1.5717312947694,0.0791154685234727,0.460733323048544
"67","0601",1.85303688774997,1.05428598483061,0.336681903463824,0.705256314493709,3.43374570736209,1.11151893781025,0.113354704120024,0.497386469133249
"68","0602",1.92239987348772,1.22411109472759,0.215852220980453,0.903842771276228,3.69562127358559,1.49844797223518,0.0465921813021941,0.816931755188292
"69","0603",1.78651474870041,1.19312554382003,-0.00784060796463575,0.957342694583229,3.19163494732411,1.42354856331585,0.0000614751332551096,0.916505034871877
"70","0604",1.89794180296665,1.27035602872156,0.189926149998909,0.928384226775505,3.6021830874483,1.61380443970921,0.0360719424534083,0.861897272525552
"71","0605",1.69796591984777,1.26526253446326,0.190957039090046,0.93689673019553,2.88308826496449,1.6008892811164,0.0364645907780372,0.877775483051076
"72","0606",1.71102749043371,1.14533277113481,-0.0398090033833954,0.640549503675827,2.9276150730199,1.31178715663533,0.00158475675037919,0.410303666659348
"73","0607",1.6117098211218,0.860951710014915,-0.48788434398006,0.261225954458339,2.59760854750045,0.741237846977606,0.238031133100853,0.0682389992826704
"74","0608",1.57394441976261,0.65721092113889,-0.538275915989397,0.0897016928362147,2.47730103650187,0.431926194864228,0.289740961734224,0.00804639369768261
"75","0609",1.62803955791288,0.8860699696623,0.00959124554031058,0.727675732030653,2.65051280212916,0.78511999113735,0.0000919919910145276,0.529511970986347
"76","0610",1.56208300401508,0.919159238051038,0.21588637204664,0.580282657349069,2.44010331143276,0.844853704894565,0.0466069256354603,0.336727962420097
"77","0611",1.3161486386553,0.928627022127112,0.369107767003693,-0.0875524768709573,1.73224723903421,0.862348146224667,0.136240543662453,0.00766543620623952
"78","0612",1.51272945246508,0.818049470987754,-0.0482216449751585,0.564777627575337,2.28835039635531,0.669204936983344,0.00232532704411023,0.318973768609626
"79","0613",1.42368167175332,0.613386634428637,-0.225229879333481,0.332536199270349,2.02686950248632,0.37624316329569,0.0507284985445743,0.11058032382517
"80","0614",1.59065880147932,0.582549044947655,-0.311032194891401,0.177446900439829,2.53019542272362,0.339363389769425,0.0967410262589623,0.0314874024757026
"81","0615",1.63779895158406,0.622176760031432,-0.615647465894974,0.0400829768902628,2.68238540580983,0.38710392072321,0.379021802262903,0.00160664503638534
"82","0616",1.39060719744286,0.362958275258495,-0.343541456399858,-0.319229676276656,1.93378837757989,0.131738709578621,0.118020732265336,0.101907586215699
"83","0617",1.64149837600339,0.63378682503202,-0.642933538784483,-0.19822619384097,2.69451691842177,0.401685739584169,0.413363535293938,0.0392936239246779
"84","0618",1.67233357468124,0.628617275310666,-0.778689897049865,-0.25377809941113,2.79669958500614,0.395159678819006,0.606357955767529,0.0644033237407254
"85","0619",1.73033770549872,0.408602982626649,-0.703808715356458,-0.424946922040565,2.99406857507058,0.166956397411394,0.495346707811708,0.18057988655175
"86","0620",1.69053706057652,0.592861265985236,-0.827814981269116,-0.34786178447094,2.8579155531827,0.351484480705617,0.685277643213587,0.121007821095307
"87","0621",1.68989909908888,0.484586077098856,-0.785229207501145,-0.42688388459727,2.85575896510139,0.234823666118059,0.616584908312876,0.182229850928856
"88","0701",1.61868654810896,0.528673651765766,-0.660014360897502,-0.134012693011774,2.62014614102891,0.279495830071351,0.435618956590938,0.017959401888268
"89","0702",1.64501098136622,0.48964447167555,-0.659351444662091,-0.163567589334015,2.70606112881544,0.239751708642428,0.434744327577986,0.026754356280541
"90","0703",1.63167383927178,0.469876615806916,-0.663365603709068,-0.172806979256737,2.66235951776391,0.22078403408216,0.440053924184297,0.0298622520798383
"91","0704",1.64556262030045,0.489582211434465,-0.735875573150673,-0.191759718862886,2.7078763373301,0.239690741753061,0.541512859159831,0.0367717897783732
"92","0705",1.67685119814124,0.462930185154043,-0.754040439292207,-0.173986816441247,2.8118299407077,0.214304356326757,0.568576984087985,0.0302714122953601
"93","0706",1.67654502768969,0.464081759195056,-0.713733370295162,-0.183843488739751,2.81080322987102,0.215371879217578,0.509415323872891,0.0337984283520029
"94","0707",1.71566237610887,0.541720112410062,-0.753110612022915,-0.16016035265539,2.94349738879555,0.293460680189571,0.567175593941529,0.0256513385626988
"95","0708",1.68992954934053,0.577040389977413,-0.772278743310449,-0.126469615284056,2.85586188173428,0.332975611665284,0.596414457369167,0.0159945635900971
"96","0709",1.69655297801673,0.53993216924005,-0.781055121704749,-0.249240209691875,2.87829200721742,0.291526747380266,0.61004710314122,0.0621206821272497
"97","0802",1.30651320849385,1.01836738493277,0.164102629941178,-0.249105350284875,1.70697676396888,1.0370721306948,0.0269296731536114,0.0620534755405501
"98","0803",0.557390385620205,0.823590665132561,0.102171201703766,-0.603625039202272,0.310684041981841,0.678301583693494,0.0104389544575917,0.364363187951945
"99","0804",1.32104372608878,0.588840234493594,0.263389155512987,-0.174484401540954,1.74515652623852,0.34673282175847,0.0693738472418443,0.0304448063811049
"100","0805",1.29355021631565,0.321813500737655,0.125330832743646,-0.222674956328403,1.67327216213028,0.103563929257025,0.0157078176362159,0.0495841361758562
"101","0806",1.65883782589036,0.35525130780152,-0.43986122087642,-0.62373601979594,2.75174293260466,0.12620349169469,0.193477893630895,0.389046622390882
"102","0807",2.08464721571871,0.294340804903569,-0.429553099703135,-0.613479201211332,4.34575401400379,0.0866365094312807,0.184515865464571,0.376356730318894
"103","0808",2.16157543114005,0.434410923637869,-0.370533860868246,-0.417871363778153,4.67240834450828,0.188712850575907,0.137295342049928,0.174616476665813
"104","0809",1.95892552789484,0.433127239015087,-0.060915705106355,-0.526378917764234,3.83738922383808,0.187599205176833,0.0037107231286044,0.277074765066646
"105","0810",1.79310088568159,0.193832920920297,0.0126223729897734,-0.441247685554528,3.2152107862321,0.0375712012324941,0.000159324299892961,0.194699520007228
"106","0811",1.81738333958763,0.578605907135332,-0.170883756733874,-0.524287230962432,3.30288220301068,0.3347847957719,0.0292012583154818,0.274877100550255
"107","0812",1.52392236254862,0.713778567631877,0.0903101022892017,-0.681644995336974,2.32233936707575,0.509479843610614,0.00815591457548608,0.464639899667943
"108","0813",1.34465183011808,0.528205744618681,0.295998232010421,-0.663614404166459,1.8080885442399,0.279001308648175,0.0876149533532953,0.440384077417204
"109","0814",0.648617572778074,0.796717791793617,0.484053524481675,-0.733192739334132,0.420704755716519,0.634759239760497,0.234307814563132,0.537571593012289
"110","0815",0.0484092125963251,0.91385530068808,0.148355614612014,-0.524990670504655,0.0023434518641962,0.835131510595702,0.0220093883869085,0.275615204116927
"111","0816",-0.327390368008503,0.785987887386173,-0.323289248763843,-0.420403234878744,0.107184453064743,0.61777695911778,0.10451593836629,0.176738879896513
"112","0817",-0.396552249200202,1.06231726490673,0.0447930311203125,-0.359715321869026,0.157253686345739,1.12851797131892,0.00200641563694529,0.129395112787337
"113","0818",0.155522078669872,1.11542675499283,0.303179292567328,-0.347865215050478,0.024187116953798,1.24417684575385,0.0919176834416256,0.121010207842116
"114","0819",0.665901220497333,0.668574664593455,0.401011027749961,-0.392677330483572,0.443424435459838,0.446992082136251,0.16080984437708,0.154195485875704
"115","0820",0.51912505109441,0.87388395175858,0.362324286962858,-0.589004191412589,0.269490818673774,0.763673161141193,0.131278888923144,0.346925937501598
"116","0821",0.997790601172836,0.562574623482101,0.376018932786475,-0.620193056491926,0.99558608378885,0.316490206986028,0.14139023781388,0.384639427320798
"117","0822",1.48445118990847,0.328544518465137,0.0392154236808313,-0.427037981064449,2.20359533522068,0.107941500613489,0.00153784945446711,0.182361437271601
"118","0823",1.7492805852607,-0.130750439901138,0.189625460421458,-0.401655861635469,3.05998256597002,0.0170956775343412,0.0359578152400498,0.161327431186131
"119","0824",1.18708801854572,0.129946931033257,0.170096436825585,-0.415274859140521,1.40917796377481,0.016886204884962,0.0289327978207603,0.172453208634179
"120","0825",1.01856722602113,0.564831097423523,0.365843619017664,-0.515822894834448,1.03747919392439,0.319034168616661,0.133841553575942,0.26607325883539
"121","0826",1.46212622975995,-0.0840373616997344,0.345095064713305,-0.21903080541842,2.13781311175204,0.00706227816145199,0.11909060368948,0.0479744937222418
"122","0827",1.63441766743262,0.169363165720856,0.0303802356836835,-0.271586768536035,2.67132111161589,0.0286838819029901,0.000922958720196154,0.0737593728438456
"123","0828",1.3477710151564,-0.172206498094556,0.225927250648776,-0.405725509807353,1.81648670929572,0.0296550779859903,0.051043122585715,0.164613189308437
"124","0829",1.81124103986438,-0.273233555909191,0.155265028611108,-0.546295720637403,3.280594104489,0.0746565760747811,0.0241072291096083,0.298439014386739
"125","0830",1.95133203341555,-0.254684365592636,-0.140290767173174,-0.484629906874348,3.80769670463367,0.0648641260773236,0.0196814993540378,0.234866146637039
"126","0831",2.01655134298251,-0.195166324088177,0.0803867825078247,-0.419901257689498,4.06647931888456,0.0380898940580914,0.0064620348019603,0.176317066209222
"127","0832",1.16674124778255,0.187522736506617,0.518083532859052,-0.310458725500544,1.36128513927719,0.0351647767069302,0.268410547019716,0.0963846202394224
"128","0833",0.88773716187261,-0.306143227814517,-0.0259802016847905,0.345152186456054,0.788077268569636,0.0937236759366913,0.00067497087958239,0.119130031815395
"129","0901",1.63543396044697,1.22509481805211,-0.229358679665438,0.817810689910544,2.67464423898326,1.50085731321814,0.0526054039378731,0.66881432453196
"130","0902",1.56969678952439,1.06988564644822,-0.624956327435107,0.434828217525402,2.46394801104318,1.14465529647593,0.390570411201176,0.189075578756318
"131","0903",1.49815763061332,0.953896487981373,-0.701113701436718,0.340971114399772,2.24447628616492,0.909918509783198,0.491560422342295,0.116261300855023
"132","0904",1.72019445620222,0.67348554938241,-0.846619621125722,-0.278482224434947,2.95906896714886,0.453582785226927,0.716764782875061,0.0775523493262361
"133","0905",1.79452655971656,0.6791169653397,-0.732212781063097,-0.289339049580565,3.22032557352814,0.461199852612203,0.536135556752155,0.0837170856121844
"134","0906",1.5914151023114,0.488833890092575,-0.817006797252028,-0.122332259650378,2.53260202786481,0.23895857210304,0.667500106756016,0.0149651817511674
"135","0907",1.52031326750384,0.737933386250609,-0.776158822908025,0.111615394633667,2.31135243134819,0.54454568254329,0.60242251837797,0.0124579963192293
"136","0908",1.54172352435747,0.670869805272802,-0.74323625866788,-0.0258047913866359,2.37691142555721,0.450066295626767,0.552400136198628,0.000665887258507798
"137","0909",1.6030637811978,0.531728048485838,-0.745822325064618,-0.166403602617616,2.56981348658819,0.282734717546558,0.556250940564792,0.0276901589641214
"138","0910",1.68018581254575,0.560725438077746,-0.778799444664123,-0.346663285422595,2.82302436468004,0.31441301690748,0.606528575009147,0.120175433459988
"139","0911",1.76704329503097,0.344748249667088,-0.775887487672938,-0.375924227156388,3.12244200651391,0.118851355648521,0.602001393527424,0.141319024563127
"140","0912",1.95337869523762,0.193037209859597,-0.806790697710048,-0.45044104332936,3.81568832700823,0.0372633643903781,0.650911229911465,0.202897133515643
"141","0913",2.0391132644803,0.119585571723888,-0.718886993291536,-0.408674118218702,4.15798290537951,0.0143007089645291,0.516798509123745,0.167014534901834
"142","0914",1.9998881364196,0.309236259048146,-0.688368924967483,-0.460879711682446,3.99955255819186,0.0956270639100919,0.473851776860889,0.212410108640494
"143","0915",2.09864234893393,0.3497669888865,-0.635292847046705,-0.400237839722068,4.40429970873893,0.122336946514729,0.403597001508708,0.160190328345388
"144","0916",2.0728645154726,0.458773622934002,-0.710287939390715,-0.379947194550166,4.29676729950547,0.21047323709999,0.504508956843908,0.144359870646542
"145","0917",2.12265328757114,0.413075900489204,-0.65060143551684,-0.291028198917085,4.50565697923658,0.170631699564967,0.423282227896573,0.0846974125649223
"146","0918",2.12072244742108,0.342890220728119,-0.812484090983507,-0.333440820363617,4.49746369899566,0.117573703470978,0.660130398101296,0.111182780684762
"147","0919",2.02394145606071,0.453275975259745,-0.778852531937667,-0.275279790136673,4.09633901756117,0.205459109747673,0.606611266505714,0.075778962857691
"148","0920",2.00927223173667,0.514472931620852,-0.46761993473011,-0.218203923862889,4.03717490122804,0.264682397370554,0.218668403356992,0.0476129523891613
"149","0921",2.15033186138694,0.420765226207652,-0.628757765345396,-0.190694119500876,4.62392711409581,0.177043375585576,0.395336327482136,0.0363642472122142
"150","0922",1.79102224737646,0.440880787485391,-0.252872568638597,-0.067984100439404,3.20776069059742,0.194375868773738,0.0639445359698822,0.00462183791255498
"151","0923",1.83833358605451,-0.0108246972614542,-0.206364941720033,0.211365458286792,3.37947037361603,0.000117174070802134,0.0425864891711124,0.0446753569567856
"152","0924",2.00897768499565,0.0568925734399523,-0.460309746798135,-0.0207394414628432,4.03599133881048,0.00323676491262036,0.211885062997363,0.000430124432190699
"153","0925",1.9345001128365,-0.372939366489419,-0.241708856968116,0.570274677395378,3.74229068656443,0.139083771077529,0.0584231715368332,0.325213207678403
"154","0926",1.87826709054254,-0.274785472715683,-0.0724177297067615,0.409390965766526,3.52788726341514,0.0755070560155811,0.00524432757588156,0.167600962851248
"155","0927",1.73945656129669,-0.478316099262706,-0.166267164388451,0.990832797662398,3.0257091286381,0.22878629081389,0.0276447699537762,0.981749632923495
"156","0928",2.29266650995777,0.319025974547844,-0.68175458525051,-0.136829782320802,5.25631972588196,0.101777572436202,0.464789314510094,0.0187223893299579
"157","0929",2.10952347043163,0.338196277010557,-0.591381332104739,-0.0378775581340644,4.4500892723019,0.114376721783801,0.349731879961975,0.00143470941019943
"158","0930",2.07637196281128,0.165331787660915,-0.693897914417267,-0.312558287984736,4.31132052794877,0.0273346000111538,0.481494315632633,0.0976926833879491
"159","0931",2.06867578749552,-0.128612904093764,-0.72882933570102,0.0388459122181839,4.27941951377021,0.0165412790994317,0.53119220057839,0.00150900489606285
"160","0932",2.02804453056889,-0.391636549817702,-0.670773671626108,0.344712889394169,4.11296461797038,0.153379187153114,0.44993731854677,0.118826976114476
"161","0933",1.98966841233803,-0.342492877515993,-0.567553906269677,0.471003129698897,3.95878039105574,0.117301371149185,0.322117436521969,0.221843948186156
"162","0934",1.98853827699894,-0.328143986905176,-0.572178945405173,0.096509008433803,3.95428447908992,0.107678476142024,0.327388745564976,0.00931398870887586
"163","0935",1.79112828245324,-0.164651362508886,-0.352463540703231,0.0554054970924461,3.20814052420389,0.0271100711760327,0.124230547525058,0.00306976910806106
"164","0936",1.61105003129762,-0.387105637924099,-0.482204940962323,0.0301045010440661,2.59548220334406,0.149850774912624,0.232521605088478,0.000906280983112176
"165","0937",1.04560642038407,0.337204037486707,0.524288609377702,-0.110710560344256,1.09329278634839,0.113706562897336,0.274878545923205,0.0122568281717391
"166","0938",1.74407721510292,-0.288727597381796,-0.56485836186245,0.246011172183372,3.04180533224114,0.0833636254898643,0.319064968965931,0.0605214968390366
"167","0939",1.42514992653865,-0.303441786278697,-0.609889590201136,0.508886868033875,2.03105231311311,0.0920769176600062,0.37196531223571,0.258965844457326
"168","0940",1.22357965065943,-0.340777046954974,-0.590881807615273,0.484356369517563,1.49714716150786,0.116128995731353,0.349141310570693,0.234601092692234
"169","0941",1.72984559609173,-0.4978381243089,-0.43319827253368,0.766545302543474,2.99236578631796,0.247842798015404,0.187660743326164,0.587591700851467
"170","0942",0.88773716187261,-0.306143227814517,-0.0259802016847905,0.345152186456054,0.788077268569636,0.0937236759366913,0.00067497087958239,0.119130031815395
"171","0943",1.41796881666075,-0.449619288347746,-0.491176014348099,0.670182175044781,2.0106355650223,0.202157504454333,0.241253877070884,0.449144147747753
"172","0944",1.12689315620264,-0.457097738190456,-0.567994140544768,0.824324057832091,1.26988818549634,0.208938342258831,0.32261734369319,0.679510152320765
"173","0945",1.71041490329132,-0.199954927516076,-0.0552905152629121,0.802227562740837,2.92551914140104,0.0399819730379594,0.00305704107803831,0.643569062421104
"174","0946",1.4861983751673,-0.179161177683383,-0.232989906332579,1.14352635243754,2.20878561034991,0.0320987275888969,0.054284296452864,1.30765251871912
"175","0947",1.19188903825461,-0.125906514454399,-0.246284380636914,1.06709562601218,1.42059947951149,0.0158524503820557,0.0606559961457084,1.13869307505434
"176","0948",1.48157995121815,-0.345872762583946,-0.238209276210735,1.12716226756815,2.19507915185159,0.119627967897451,0.0567436592728423,1.27049477742938
"177","0949",1.54982462888102,0.236569052852163,0.0556239341685066,0.637078851294353,2.4019563802862,0.0559649167673695,0.00309402205238236,0.405869462766533
"178","0950",1.38423614929222,0.241337952078092,0.113192136333717,0.801965630839904,1.91610971700736,0.0582440071132472,0.0128124597277908,0.643148873048444
"179","0951",1.14719380589493,0.233466761267399,-0.331343264186257,0.94167966460142,1.31605362828369,0.0545067286166887,0.109788358721604,0.886760590723843
"180","0952",1.27310151957411,0.0771979135708317,-0.202190712447033,1.02231157382723,1.6207874791419,0.0059595178596896,0.0408810841998389,1.04512095398112
"181","0953",1.19023934458464,0.139974924818776,-0.310437190654566,1.22200447435382,1.41666969739727,0.0195929795780221,0.0963712493414995,1.49329493534076
"182","0954",1.1542816554379,0.138399139612809,-0.350533390579232,1.13312267540941,1.33236614008045,0.0191543218455657,0.122873657910973,1.28396699752698
"183","0955",1.19736642930943,0.0671051535600984,-0.306542430547521,1.12134753681296,1.43368636603721,0.00450310163432438,0.0939682617259819,1.2574202983165
"184","0957",1.26507063402261,0.0396343762993916,-0.0400879146980962,0.975124446008562,1.60040370906637,0.00157088378464177,0.00160704090484184,0.950867685203504
"185","0958",1.15309548450184,0.160207555496278,0.27522628256084,0.681952932671919,1.32962919637853,0.0256664608380931,0.0757495066122594,0.46505980237983
"186","0959",1.17768181818786,0.0764209958575449,0.223877194874412,0.814343604213483,1.38693446489026,0.0058401686078589,0.0501209983848356,0.663155505723406
"187","0960",0.947542334845983,-0.145064322014491,-0.117454097307247,0.989209311066458,0.897836476325376,0.0210436575215241,0.0137954649742602,0.978535061100576
"188","0961",0.862356171456751,-0.0735622511753978,-0.02903944637031,0.808810664227922,0.743658166449546,0.00541140479799232,0.000843289445494109,0.654174690568812
"189","0962",0.76771342890138,-0.0356132722965822,0.0867202164433839,0.448562847203783,0.589383908915514,0.00126830516367051,0.00752039593998734,0.201208627891565
"190","0963",1.01970803486479,-0.351270626458362,-0.402658747261306,0.981327659869034,1.0398044763678,0.12339105301245,0.162134066746044,0.963003976024034
"191","0964",0.652011133574126,-0.125443462804885,-0.218495488415827,0.483774893028208,0.425118518304616,0.0157360623604805,0.0477402784580707,0.234038147124454
"192","0965",0.582737104673887,-0.0877409345629172,-0.337943006313578,0.28006621099267,0.339582533163704,0.00769847159797412,0.114205475516259,0.0784370825397908
"193","0966",0.63547891914841,-0.528688703948598,-0.460602322571304,0.528698394053521,0.403833456682032,0.279511745682849,0.21215449955808,0.279521991874772
"194","0968",0.738973482698657,-0.34989679758645,-0.538622550554657,0.525319130124977,0.546081808131782,0.122427768961253,0.290114251966005,0.275960188475263
"195","0969",0.222734841482222,-0.0466003679564428,-0.367727462383494,0.130720325997517,0.0496108096101104,0.00217159429367587,0.135223486591004,0.017087803628897
"196","0970",2.14169349157931,0.324337733066231,-0.67655060098263,-0.366278807208617,4.58685101187316,0.105194965090542,0.457720715689958,0.134160164610167
"197","0971",2.15313446263451,0.30745112149419,-0.69975618783456,-0.313376922637936,4.6359880141844,0.0945261921080349,0.489658722412756,0.098205095642023
"198","1001",1.13266743783782,0.142072115920613,0.326486448880331,0.680190785671638,1.28293552473809,0.02018448612216,0.106593401302489,0.462659504912601
"199","1002",1.07969854959186,0.0272519752431149,0.511492046896405,0.664416009874043,1.16574895799078,0.000742670154651346,0.261624114038274,0.441448634176945
"200","1003",1.21438944730042,-0.16940027444342,0.632678847392436,0.670704387419462,1.47474172971462,0.0286964529815059,0.400282523937821,0.449844375303716
"201","1004",1.24844265341031,-0.317184315374325,0.721596857144007,0.598555891093533,1.55860905885417,0.100605889919479,0.520702024240108,0.358269154762773
"202","1005",0.900144490324961,-0.399699262517276,0.55962308907588,0.315497242714434,0.810260103462383,0.159759500456854,0.313178001826831,0.0995385101604105
"203","1006",0.800318379769602,-0.238030152772921,0.521807920212136,0.0343206619387897,0.640509508997042,0.0566583536291003,0.272283505596115,0.00117790783591669
"204","1007",0.658067292109458,-0.0568262247934334,0.258627005209716,-0.155101453840945,0.433052560944275,0.00322921982427382,0.0668879278237463,0.0240564609835748
"205","1008",0.517354845466934,0.0456444353495317,-0.0907324390404792,-0.388151449806733,0.267656036128115,0.00208341447837758,0.00823237549423428,0.150661547987069
"206","1009",0.307431953010333,0.00818067398650059,0.126892158459407,-0.57979574601976,0.0945144057317475,0.0000669234268734075,0.0161016198784873,0.33616310710261
"207","1010",0.212406321565607,0.116575777058455,-0.0509083110201702,-0.741144492092849,0.045116445441032,0.0135899117967826,0.00259165613092638,0.549295158159567
"208","1011",0.341745826325726,-0.0885775070968904,0.285568240904891,-0.359753005762404,0.116790209811053,0.00784597476349967,0.0815492202135141,0.129422225155084
"209","1012",0.341330632642585,-0.080344078565597,0.324685841700324,-0.302624289217536,0.116506600780187,0.00645517096055482,0.105420895800648,0.0915814604244192
"210","1013",0.723856660490737,-0.286080063578422,0.617703431597302,0.170865877478263,0.523968464936802,0.0818418027770342,0.381557529407082,0.0291951480864169
"211","1014",0.980019021367384,-0.0402662626559523,0.60181425283765,0.355566570763694,0.960437282241885,0.00162137190827814,0.362180394918539,0.126427586244653
"212","1015",1.09996841777365,0.0869669812468181,0.392275155458236,0.672298174694296,1.20993052009946,0.00756325582718442,0.153879797589783,0.451984835697282
"213","1016",1.01516822675436,0.0641670203506519,0.296264897169355,0.516318959553532,1.03056652861159,0.00411740650068097,0.0877728892947684,0.266585267994442
"214","1017",0.7710439819181,-0.0547480097821958,0.359806881186371,0.182965990503957,0.594508822052119,0.0029973445751114,0.129460991749063,0.0334765536810941
"215","1018",0.416391675487725,-0.138673404153818,0.389358848213654,-0.0593122840901328,0.173382027415475,0.0192303130196082,0.151600312682263,0.00351794704398862
"216","1019",0.285034832550993,-0.238262518162823,0.527441039006216,-0.0833479794975819,0.0812448557673728,0.0567690275612894,0.278194049627956,0.00694688568632933
"217","1020",0.0660656015238236,-0.274219056982456,0.39798523392196,-0.316547030649578,0.00436466370470465,0.0751960912123475,0.158392246419917,0.100202022613065
"218","1021",0.18025741828178,-0.089996193402302,0.317075214347577,-0.486123212554819,0.0324927368456125,0.00809931482690454,0.100536691553562,0.236315777784618
"219","1022",0.238091017737455,0.0148699990268334,0.124125511550478,-0.637143032830257,0.0566873327272573,0.000221116871058026,0.0154071426176678,0.405951244284137
"220","1023",0.146890109623066,0.0685257841806263,0.250777025805408,-0.558737567150641,0.0215767043050763,0.00469578309756977,0.062889116671806,0.312187668945417
"221","1024",0.0549057498608287,0.0106758303811624,0.300100392982243,-0.480826625624027,0.00301464136777989,0.00011397335432735,0.0900602458680968,0.231194243908988
"222","1025",-0.0212769236546612,-0.0707643903170627,0.407107480419983,-0.391648458766177,0.000452707480206281,0.00500759893694559,0.165736500613907,0.153388515253922
"223","1026",0.0898267571458389,-0.217519740524522,0.325974718141785,-0.401406214628594,0.00806884629933752,0.0473148375178553,0.106259516867616,0.161126949142457
"224","1027",0.070925596069952,-0.26868071095736,0.205423179910423,-0.447897941001821,0.00503044017787799,0.0721893244405523,0.04219868284451,0.200612565553671
"225","1028",0.308403064124375,-0.214981152110456,0.230703846655178,-0.218500162476235,0.0951124499613036,0.0462168957627391,0.0532242648614958,0.047742321002141
"226","1029",0.473895681214446,-0.0701965928068402,0.153452258530084,0.060497178048508,0.224577116673704,0.00492756164168933,0.0235475956479836,0.00365990855183287
"227","1030",0.537610957915978,-0.0983836556428478,0.0884601171824672,0.253108991922968,0.289025542071335,0.00967934369765047,0.00782519233193583,0.0640641617922611
"228","1031",0.469874124244569,0.113062350602069,-0.212013102129072,0.170783720283208,0.220781692634601,0.0127830951236652,0.0449495554743922,0.029167079113773
"229","1032",0.315633995723309,0.0695263726076387,-0.200881937390266,0.0892869593683738,0.0996248192562616,0.00483391648797622,0.0403535527696667,0.00797216111324964
"230","1033",0.29415588737673,0.216069378149476,0.00578202904182802,0.00851349680827704,0.0865276860783914,0.0466859761739012,0.0000334318598405426,0.0000724796279045433
"231","1034",-0.0603709600733036,0.0256273144914095,0.101983158292065,-0.376652346529457,0.00364465282017241,0.000656759248041608,0.0104005645752243,0.141866990146146
"232","1035",-0.0263253608645312,-0.011488651148499,0.27341034838742,-0.434855123369838,0.000693024624647788,0.000131989105211907,0.0747532186053303,0.189098978320997
"233","1036",-0.102260348278348,0.157874496980286,0.3198033770362,-0.447711018893998,0.0104571788300091,0.0249243567967783,0.102274199963758,0.200445156439102
"234","1037",0.0359854870434281,-0.0175373134511728,0.0753978888609814,-0.333076724998897,0.00129495527775273,0.000307557363084686,0.0056848416446929,0.110940104735991
"235","1038",0.104513797312865,0.0652402995525688,-0.0287095872932177,-0.0914968426743953,0.0109231338287546,0.00425629668570891,0.000824240402546885,0.00837167221938304
"236","1102",0.409729734392184,0.0951042325020544,-0.166391677913017,-0.028830368608958,0.16787845524509,0.00904481503980483,0.0276861904787092,0.000831190154128392
"237","1103",0.39188711842366,0.17688259950552,-0.0488764685382673,-0.0931691169789479,0.1535755135864,0.03128745400783,0.00238890917677223,0.00868048435863688
"238","1104",0.34902944938433,0.122970168244253,-0.0979160348094257,-0.168609796107515,0.121821556537529,0.0151216622780199,0.00958754987280066,0.0284292633434179
"239","1204",-0.941637595566657,1.23960353262118,0.720071113299501,-0.729670585597334,0.886681361384555,1.53661691808691,0.518502408208382,0.532419163485956
"240","1206",-0.776752198587338,0.707338953224417,0.0787101330678842,-0.870398433412682,0.603343978010263,0.500328394748614,0.00619528504756403,0.757593432887251
"241","1207",-0.660159013437274,0.592393597526225,0.145883580423476,-0.809078624189069,0.435809923022475,0.350930174390063,0.0212820190371729,0.654608220119677
"242","1209",-0.365730242719555,-0.260790009553263,-0.169984562528548,-0.893472912826877,0.133758610439705,0.0680114290827911,0.028894751498022,0.798293845955344
"243","1210",-0.66543713219076,0.100209602300472,-0.38716630083246,-0.88532316934143,0.442806576898263,0.0100419643932188,0.149897744500291,0.783797114172755
"244","1214",-0.640149484446499,0.0690858119092944,-0.0962838572558434,-0.787280719403907,0.409791362437118,0.00477284940716641,0.00927058116806363,0.619810931145133
"245","1215",-0.595523370480103,-0.214221264262537,-0.431700109893265,-0.91589505426924,0.354648084787982,0.0458907500622396,0.186364984881857,0.838863750434854
"246","1216",-0.52463658966481,-0.780578958840685,-0.517655320290809,-0.913646100931776,0.275243551215122,0.609303510984808,0.26796703062538,0.834749197747837
"247","1301",-0.765074593754014,-0.194459686507434,-0.410717736410871,-0.892549505478645,0.585339134007869,0.0378145696765694,0.16868905900247,0.796644619730173
"248","1302",-0.737855359188415,-0.211780884089058,-0.0805254814188173,-0.833834778455962,0.544430531083064,0.0448511428655432,0.00648435315773229,0.695280437762702
"249","1303",-0.585194390247675,-0.507208254498538,-0.146938242717845,-0.878580552253358,0.342452474377348,0.257260213431454,0.0215908471730083,0.771903786797815
"250","1304",-0.6968280975678,-0.252809467659625,0.0115833538568929,-0.937523338508742,0.48556939755996,0.063912626938343,0.000134174086573996,0.878950010248577
"251","1305",-0.689746675502714,-0.165860016263721,0.0297095651587435,-1.07395522548068,0.475750476367046,0.0275095449950018,0.000882658261921623,1.15337982633727
"252","1306",-0.4872497085367,-0.542645681010977,-0.418105888045641,-0.893485515799963,0.237412278469099,0.294464335119867,0.174812533618434,0.798316366944325
"253","1307",-0.592696783658723,-0.430238796917547,-0.344902838874221,-0.871808977810256,0.351289477359395,0.185105422373058,0.118957968263497,0.760050893790563
"254","1308",-0.739001481290229,-0.216652609760049,-0.260240487400235,-0.841969091354761,0.546123189349152,0.0469383533158402,0.0677251112823117,0.708911950796761
"255","1309",-0.455270840454212,-0.399493132119329,-0.348167683236931,-0.887828783821408,0.207271538167885,0.159594762610511,0.121220735650572,0.7882399493818
"256","1310",-0.624889441651275,-0.506852795300321,-0.142236307049679,-1.29247461765109,0.390486814287242,0.256899756103749,0.0202311670431305,1.67049063727233
"257","1311",-0.505827769072604,-0.0389029035597979,0.12074711520162,-0.914959880446222,0.255861731964968,0.00151343590538294,0.0145798658295134,0.837151582826164
"258","1401",-0.261873854298176,-0.517882159377734,-0.52709376627356,-1.01967919934565,0.0685779155649822,0.268201931001744,0.277827838444447,1.03974566957819
"259","1402",-0.265046025986302,-0.0495515527872372,-0.150618721193821,-0.976570452352738,0.0702493958911315,0.00245535638362636,0.0226859991740619,0.95368984840843
"260","1403",-0.133221666543103,-0.321871213970436,-0.589209648308407,-0.993103297741634,0.0177480124365218,0.103601078382802,0.347168009659717,0.986254159985308
"261","1404",-0.0420274752143944,-0.562161109756648,-0.757584907380675,-1.05429564359619,0.00176630867289654,0.316025113322826,0.573934891890986,1.11153930410591
"262","1405",0.0364419815645281,-0.686135681144863,-0.751367661754455,-1.1208255470003,0.00132801802034941,0.470782172940125,0.564553363130358,1.25624990680852
"263","1406",-0.125633878055246,-0.488898073849317,-0.619845416715879,-0.952248642022156,0.0157838713152005,0.239021326613572,0.384208340623681,0.90677747623304
"264","1407",-0.205548821749437,-0.263976163890155,-0.365491452375296,-0.986202706054336,0.0422503181225819,0.069683415102162,0.133584001759403,0.972595777428895
"265","1408",-0.173211490345638,-0.712663256481837,-0.6650417575153,-0.995680627117845,0.0300022203877569,0.507888917139297,0.442280539239039,0.991379911217786
"266","1409",0.0949602051784883,-0.914948621462169,-0.567358647534074,-1.10854940036006,0.00901744056754059,0.837130979915523,0.321895834931694,1.22888177303866
"267","1501",-0.473596105474803,-0.0949334829927336,-0.201866080128161,-0.793360463390804,0.224293271120901,0.00901236619313164,0.0407499143063089,0.629420824871672
"268","1502",-0.385602307386002,-0.020379942303352,-0.182755739608651,-0.971225267187779,0.148689139461409,0.000415342048287957,0.033399660359905,0.943278519623972
"269","1504",-0.172561393379763,-0.356440320197093,-0.863111321481809,-0.825064220875427,0.0297774344851655,0.127049701862206,0.744961153270075,0.680730968568775
"270","1505",-0.410682200349645,-0.383117037947009,-0.715373278699184,-0.789308887613414,0.168659869684026,0.14677866476529,0.51175892787682,0.623008520065525
"271","1506",-0.410877505778757,-0.187847229743797,-0.326010670495331,-0.762978054330989,0.168820324754972,0.0352865817224188,0.106282957276815,0.582135511390702
"272","1507",-0.110862487923654,-0.00018138439732022,-0.549440449247129,-0.777491105126443,0.0122904912286224,0.0000000329002995912196,0.301884807268887,0.604492418550738
"273","1508",-0.0930276353813592,-0.0789948501524307,-0.822460853943669,-0.772879593458348,0.00865414094464712,0.00624018635060499,0.676441856269748,0.597342865984341
"274","1601",-0.478935747578185,-0.227555329376626,0.142606223167545,-0.675861640980782,0.229379450308275,0.0517814279277047,0.0203365348861116,0.456788957749236
"275","1602",-0.585618047255612,-0.266723143152074,0.326512484645338,-0.684289757669646,0.342948497271476,0.0711412350929219,0.106610402629272,0.468252472451582
"276","1603",-0.477721993060896,-0.140063577911127,0.202391875414987,-0.759736899055333,0.228218302654075,0.0196178058572664,0.0409624712339956,0.577200155786214
"277","1604",-0.41795052791573,0.0502982253456317,0.356257108368468,-0.838395886887837,0.174682643785037,0.00252991147291995,0.126919127263062,0.702907663150443
"278","1701",0.448885226461653,1.0468979974649,0.0501595412437103,-0.831561757327399,0.201497946535529,1.09599541709601,0.00251597957777947,0.691494956249433
"279","1702",0.362763029622252,0.955015868004931,0.552987475591315,-0.865281406672773,0.131597015660715,0.912055308141212,0.305795148160856,0.748711912733613
"280","1703",0.602077366495647,0.782107443921606,0.611315996393289,-0.857328800615116,0.362497155246333,0.611692053837587,0.37370724744632,0.735012672364154
"281","1704",0.103430350947972,0.353138383737542,0.700649689540478,-0.862352705625259,0.0106978374972207,0.124706718068763,0.490909987453169,0.743652188899204
"282","1705",-0.251157855658707,-0.00493923378729653,0.451197697706723,-0.850896599340981,0.0630802684590797,0.0000243960304055716,0.203579362415847,0.724025022770046
"283","1706",-0.121037314976766,0.198931092257777,0.948471852850718,-0.832920338743275,0.0146500316167849,0.0395735794668722,0.899598855650074,0.693756290692212
"284","1707",-0.254980439137863,0.16736682316149,1.2438428554062,-0.857652202216738,0.0650150243429372,0.0280116534951696,1.54714504894505,0.73556729996722
"285","1801",-0.158241645060949,0.982343248440718,-0.505777796694418,-0.638525183360533,0.0250404182315953,0.964998257757061,0.25581117962906,0.407714409785602
"286","1802",-0.0679061877612226,0.987543103833115,-0.265755091678461,-0.700464126043666,0.00461125033626242,0.975241381928342,0.0706257687530272,0.490649991874117
"287","1803",0.00688156221169861,0.999408219830754,0.157511018285467,-0.846885117778913,0.0000473558984734783,0.998816789865277,0.0248097208813248,0.717214402715403
"288","1804",-0.251532332068901,0.988821582161073,-0.268076596224948,-0.883587927909178,0.0632685140760201,0.977768121347527,0.0718650614435536,0.780727626346835
"289","1805",-0.681595411644059,0.410124316233741,0.419714251839063,-0.891258470126886,0.464572305174235,0.168201954766194,0.176160053196825,0.794341660572917
"290","1806",-0.815902522719829,0.639197975270525,0.542250921703616,-0.944539592949129,0.66569692658058,0.408574051589938,0.294036062088421,0.892155042648506
"291","1807",-0.927044233883504,1.21636675755551,0.354632239682164,-0.962150882653285,0.859411011576652,1.47954808888611,0.125764025421988,0.925734320990495
"292","1808",-1.07601714668705,0.823116479636596,0.232027997209616,-0.918126889976039,1.15781289996454,0.677520739049343,0.0538369914891056,0.842956986097074
"293","1809",-0.824189621987061,0.585000544891158,-0.110971651991075,-0.90387757486211,0.679288532991174,0.342225637522951,0.0123147075456282,0.81699467033861
"294","1810",-0.645776648289241,0.319957066522446,-0.289242779657272,-0.939878096682017,0.417027479475686,0.102372524417649,0.0836613855838651,0.88337083662261
"295","1811",-0.80397667740197,0.366107899221644,-0.365371965023807,-0.95824651336886,0.646378497806311,0.134034993872486,0.133496672825358,0.918236380383576
"296","1812",-0.904492944566902,0.145588001906058,-0.32291371097465,-0.918672886311966,0.818107486771305,0.0211958662989984,0.10427326473542,0.843959872044758
"297","1813",-0.958692674371197,0.422979302717892,0.0634196718021362,-0.920346576599539,0.919091643892998,0.178911490527714,0.00402205477149067,0.847037821058491
"298","1814",-0.900089234918751,0.316207547799029,0.108883134054368,-1.01783023714606,0.810160630816622,0.0999872132850751,0.0118555368815015,1.03597839164881
"299","1815",-0.727190812714787,0.295790417373161,0.541991743707669,-0.925399475327501,0.528806478096792,0.0874919710097886,0.29375505024728,0.856364188936415
"300","1816",-0.428558899581404,0.245562996554471,0.874666732620585,-0.869530954836157,0.183662730410424,0.0603011852768113,0.765041893153169,0.75608408141828
"301","1817",-0.340338156838234,0.183737272068521,0.748289000695223,-0.928081202840667,0.115830061000046,0.0337593851471819,0.559936428561456,0.861334719066179
"302","1818",-0.275744285227938,0.42208854988417,0.924298763040177,-0.931974633092437,0.0760349108358663,0.178158743943322,0.854328203357601,0.868576716727782
"303","1819",-0.371928875955135,0.29810965137275,0.568579518214039,-0.988607564325529,0.13833108876925,0.0888693642415824,0.323282668532509,0.977344916241655
"304","1820",-0.165358878055505,0.952609865354774,-0.276036294941878,-0.792424434648581,0.0273435585517753,0.90746555557124,0.0761960361252396,0.627936484628123
"305","1821",-0.185978833765539,1.10992052221991,-0.398056250433817,-0.677392789677704,0.0345881266087901,1.23192356564491,0.158448778509429,0.458860991507343
"306","1822",-0.285484150211181,0.564969983240427,0.139927209727798,-0.932224415197258,0.0815012000218002,0.319191081962689,0.0195796240222073,0.86904236028987
"307","1823",-0.4453870727634,0.253838319965283,0.215930148097425,-0.887013049170108,0.19836964458475,0.0644338926827974,0.046625828857376,0.786792149398053
"308","1824",-0.393219974342174,0.852224423867836,-0.174641955035075,-0.949465649606907,0.15462194822166,0.726286468636864,0.0304998124584731,0.901485019783467
"309","1825",-0.435932257925022,1.13078695642173,-0.255235703089055,-0.795738030394588,0.190036933499608,1.27867914081353,0.0651452641313642,0.633199013016258
"310","1826",-0.614158360806666,0.681629696203333,0.192120546599681,-0.977883802982837,0.37719049214873,0.464619042746248,0.0369103044257602,0.956256732136175
"311","1827",-0.663835933815371,1.10825280741126,0.0740404673501019,-0.848220509841807,0.440678147024526,1.22822428513494,0.0054819908054215,0.719478033316295
"312","1901",0.26451508736255,0.180961364838035,-0.230468470878805,-0.335646605840826,0.0699682314424174,0.0327470155640443,0.0531157160692148,0.112658644012467
"313","1902",0.106452991135527,0.305902086086856,-0.652890043266496,-0.574960906862527,0.0113322393217005,0.0935760862722902,0.426265408596527,0.330580044420179
"314","1903",-0.00326940447987895,0.565842273786959,-0.568309293065854,-0.536688597504636,0.0000106890056530526,0.320177478804396,0.322975452585011,0.288034650691493
"315","1904",0.345527198514905,0.163908811434485,-0.0748884728358159,-0.742569454971188,0.119389044913558,0.0268660984658656,0.00560828336368073,0.551409395456207
"316","1905",0.513760798248337,0.569468692569782,-0.116043750882536,-0.836592995560312,0.263950157816769,0.324294591817137,0.0134661521188881,0.699887840220577
"317","1906",0.340772185608918,0.387039940357601,-0.126674599146179,-0.832227099333457,0.116125682484679,0.149799915432016,0.0160464540688451,0.692601944864979
"318","1907",0.053723676853932,0.137072805774252,-0.473179038265483,-0.672967537059297,0.00288623345470571,0.0187889540828259,0.223898402253847,0.452885305935656
"319","1908",-0.00322952921708714,0.0575491189551243,-0.307639517660895,-0.585862428865961,0.0000104298589640195,0.00331190109251104,0.0946420728266283,0.343234785556723
"320","1909",-0.0871478579624122,0.0866033391454056,-0.518413157504052,-0.486013834427511,0.00759474914743677,0.00750013835113415,0.268752201873321,0.236209447254932
"321","1910",0.0256557426261301,0.0251830987616785,-0.67281177560672,-0.600877669989549,0.000658217129698227,0.000634188463240455,0.452675685395067,0.36105397429207
"322","1911",-0.113552353464446,-0.136558902903201,-0.638686586036017,-0.688388242859272,0.0128941369773145,0.0186483339621258,0.407920555182343,0.473878372906876
"323","1912",-0.127914063486822,-0.0101211054455801,-0.522994766986467,-0.565031089952861,0.0163620076377107,0.000102436775440551,0.273523526295228,0.319260132613318
"324","1913",-0.325716707279994,0.0772878086366619,-0.252602626560048,-0.418853503514663,0.106091373401321,0.00597340536385727,0.063808086945035,0.175438257406508
"325","1914",-0.538384589768448,0.245398242855585,-0.118809304897535,-0.459955809270991,0.28985796650014,0.0602202975966085,0.0141156509302354,0.211559346482132
"326","1915",-0.216188861709504,-0.181288829137875,-0.374929162133945,-0.565289933479534,0.046737623927251,0.0328656395701816,0.140571876618462,0.319552708893296
"327","1916",-0.213263526008025,-0.173602186525461,-0.552880882355674,-0.650491955061618,0.0454813315253756,0.0301377191664208,0.305677270074388,0.423139783599886
"328","1917",-0.0472218522603156,-0.23706901674602,-0.358254863093409,-0.684341799715916,0.00222990333089507,0.0562017187009248,0.128346546930077,0.46832369883842
"329","1918",-0.346038093758168,-0.0368060003357795,-0.0380737286731243,-0.511106762726544,0.119742362331786,0.0013546816607174,0.00144960881507469,0.261230122904808
"330","1919",-0.16261517727643,-0.22543568753218,-0.0848998553285968,-0.53476515695318,0.0264436958806447,0.0508212492131066,0.00720798543481667,0.28597377309116
"331","2001",0.0297172282616663,0.0768645388375975,-0.347567640374975,-0.0293750099350225,0.000883113655555976,0.00590815733071653,0.120803264635828,0.000862891208682674
"332","2002",-0.322922988762774,0.0194857163262716,-0.0485110603933357,-0.395691642712271,0.104279256671483,0.000379693140747927,0.00235332298048586,0.156571876112335
"333","2003",-0.164984882250581,0.129132781909045,0.288519193947752,-0.478252130918834,0.0272200113712382,0.0166752753635689,0.0832433252762606,0.228725100728405
"334","2004",-0.306299965757562,0.222406095706727,0.26716240237322,-0.510158915153873,0.0938196690230837,0.0494644714075096,0.0713757492418303,0.260262118710976
"335","2005",-0.262705594225432,0.198153030156991,0.121194849653783,-0.550608249441752,0.0690142292373372,0.0392646233603972,0.0146881915826032,0.30316944435331
"336","2006",0.18998222493295,0.143399880421408,-0.0509891475592666,-0.692803780362571,0.0360932457904739,0.0205635257048741,0.00259989316882067,0.47997707808467
"337","2007",0.289788826460138,0.197748758494988,-0.139339016439006,-0.813875660846721,0.0839775639411442,0.0391045714863093,0.0194153615021895,0.662393591318686
"338","2008",0.137841165567043,0.140511449992281,-0.13939002741275,-0.716092754601725,0.0190001869248808,0.0197434675789333,0.0194295797421273,0.512788833193087
"339","2009",-0.297580564356831,0.432509173982343,-0.0417301067604164,-0.569796400169468,0.0885541922829299,0.187064185578889,0.00174140181023575,0.324667937646084
"340","2010",-0.463975327734066,0.295207553524731,0.031188744051866,-0.498867563407097,0.215273104745934,0.0871474996580569,0.000972737755532804,0.248868845819734
"341","2011",-0.529823315064189,0.263982273404323,-0.17803184749539,-0.431835916437835,0.280712745185607,0.0696866406717149,0.0316953387226219,0.186482258725705
"342","2012",-0.565694848705351,0.113240323236428,0.143949121110831,-0.530261452548783,0.32001066185177,0.0128233708066907,0.0207213494685806,0.281177208059145
"343","2013",-0.0292887217281956,0.0261434976186092,-0.150907162911336,-0.232353131085228,0.000857829220471678,0.000683482467734225,0.0227729718179484,0.053987977525109
"344","2014",-0.333994291028147,0.151006355549027,-0.32099523876152,-0.348026903322797,0.111552186439394,0.0228029194161993,0.103037943307565,0.121122725436455
"345","2015",-0.430196944606256,0.14752416639678,0.0434685355740168,-0.446466010116378,0.185069411148558,0.0217633796710647,0.00188951358494956,0.199331898189238
"346","2016",-0.52808598039281,0.313577600373939,-0.0642424101348021,-0.428188100578687,0.278874802687435,0.0983309114562777,0.00412708725992812,0.183345049477184
"347","2017",-0.0576013939712331,0.0327889934734796,-0.152452395421952,-0.596777748900506,0.00331792058742921,0.00107511809300389,0.0232417328698912,0.356143681582755
"348","2018",-0.17293051746999,0.307287207915519,-0.160126645811878,-0.535400575497103,0.0299049638724386,0.0944254281485155,0.0256405426989626,0.286653776242629
"349","2019",-0.581022922362521,0.419229569220596,-0.127960681041174,-0.490618592715735,0.337587636310685,0.175753431708886,0.016373935892521,0.240706603518368
"350","2020",-0.575851241036527,0.584033778469939,-0.143398542052101,-0.494452535896246,0.331604651803308,0.341095454393874,0.0205631418626681,0.244483310254229
"351","2021",-0.590169472425163,0.379807112632147,-0.148782165231606,-0.413568869467352,0.348300006182596,0.144253442805969,0.022136132691005,0.171039209792504
"352","2022",-0.661977459860809,0.442100068477823,-0.129265068586762,-0.453979099906932,0.438214157363769,0.195452470548096,0.0167094579567404,0.206097023152308
"353","2023",-0.684500994991434,0.351126051131181,0.148812407106289,-0.577196566747061,0.468541612144263,0.123289503782977,0.0221451325087679,0.333155876664594
"354","2024",-0.711036382619874,0.260742546711246,0.079800843711187,-0.567076614082776,0.505572737409156,0.0679866756654662,0.0063681746570173,0.321575886239586
"355","2101",-0.640160768367776,0.15884615717772,0.190211831146113,-0.42187411774518,0.409805809357221,0.025232101650129,0.0361805407079576,0.177977771223274
"356","2102",-0.845380407733573,0.296824805534413,-0.0724025264437885,-0.553334913398423,0.714668033779782,0.088104965180542,0.0052421258354435,0.306179526385641
"357","2103",-0.838159153935018,0.265622296093674,0.0791077160790352,-0.60244696240349,0.702510767325065,0.0705552041820757,0.00625803074324125,0.362942342509192
"358","2104",-0.748456989014048,-0.0112344146894017,0.186080189165447,-0.640628753340249,0.560187864403975,0.000126212073413446,0.0346258367998484,0.410405199606282
"359","2105",-0.715791618941661,0.296194357371058,-0.189310489845643,-0.608661286299983,0.512357641747124,0.0877310973384538,0.0358384615655972,0.370468561440349
"360","2106",-0.475077334715984,-0.200834289618087,0.280548743384057,-0.575659461680311,0.225698473960844,0.0403344118864018,0.0787075974143734,0.331383815822065
"361","2107",-0.420036387390026,-0.163107044177729,0.342106104814019,-0.529191424109206,0.176430566731664,0.0266039078603956,0.117036586951021,0.28004356335073
"362","2108",-0.335710000955683,-0.510626055311239,0.308630749961153,-0.494229676214944,0.112701204741664,0.260738968362716,0.0952529398215839,0.244262972851529
"363","2109",-0.238816871326222,-0.519971980649471,0.540440876476575,-0.561019252060863,0.0570334980300453,0.270370860660534,0.292076340966769,0.314742601182931
"364","2110",0.0140768018308962,-0.634242180119594,0.483531559944764,-0.585125089308691,0.000198156349786322,0.402263143042856,0.233802769462617,0.342371370138504
"365","2111",-0.131750701352411,-0.679452437105545,0.382705930574423,-0.569137970922399,0.0173582473068522,0.461655614288664,0.146463829296835,0.323918029945666
"366","2112",-0.324014190226871,-0.503174366711842,0.333909970008903,-0.540221443995065,0.104985195468375,0.253184443315864,0.111495868071347,0.291839208552113
"367","2113",-0.298677642080465,-0.492493620228554,0.368322083884451,-0.57443849494406,0.0892083338787463,0.242549965965827,0.135661157476985,0.329979584473596
"368","2114",-0.413615799476471,-0.35373786183894,0.394021415172917,-0.577354128627679,0.171078029576561,0.125130474898385,0.155252875614868,0.333337789843426
"369","2115",-0.562070448071196,-0.244459366730457,0.368226271056676,-0.589502408417016,0.315923188594955,0.0597603819822563,0.135590586696305,0.347513089529462
"370","2116",-0.267479142571295,-0.455591886163855,0.622072317096843,-0.50244713824889,0.071545091710675,0.207563966738339,0.386973967698236,0.252453126734499
"371","2117",-0.269753124902645,-0.574063876955811,0.611433482697005,-0.524303297137325,0.072766748394742,0.329549334825536,0.373850903762989,0.27489394738907
"372","2118",-0.186432895503683,-0.646729682300472,0.633833121366515,-0.545796646314933,0.0347572245258871,0.418259281968469,0.401744425741219,0.297893979128628
"373","2119",-0.0712155331600768,-0.238361568832767,1.0035174576271,-0.434586886467163,0.005071652163274,0.0568162374964178,1.00704728776235,0.188865761889223
"374","2120",-0.0200738000832436,0.16700019148423,0.973346272932872,-0.334158288282188,0.000402957449782032,0.0278890639557694,0.947402967032312,0.111661761627682
"375","2121",-0.060654386655836,0.410368474931285,0.687372718854899,-0.347699618273961,0.00367895462059566,0.168402285217429,0.472481254625976,0.120895024547858
"376","2122",-0.408219769537973,0.0361781938766968,0.491124106140235,-0.45103986015702,0.166643380241636,0.00130886171217986,0.241202887632044,0.203436955450464
"377","2123",-0.632378222287578,0.0322361462145291,0.418222232148011,-0.430034581153423,0.399902216023597,0.0010391691227645,0.174909835462865,0.1849297409878
"378","2124",-0.255521383554757,0.0952683979795577,0.396912228093827,-0.374985521904638,0.0652911774537371,0.0090760676535914,0.157539316810406,0.140614141638093
"379","2125",-0.161730035899129,0.115756664556867,0.410448352540199,-0.421075013257539,0.0261566045119334,0.013399605389331,0.168467850102963,0.177304166789836
"380","2126",-0.0192339162787083,0.605629505422796,0.6414748678815,-0.290722197713944,0.00036994353541636,0.36678709783866,0.411490006123587,0.0845193962436255
"381","2127",0.0433354442374813,0.714711161433918,0.900444094894983,-0.353918461994389,0.00187796072725985,0.51081204427822,0.810799568031246,0.125258277740474
"382","2128",0.0213676735249118,0.718210178640565,0.655836745356058,-0.333830708274322,0.000456577471867215,0.515825860702913,0.430121836559227,0.111442941786936
"383","2129",0.181581237755531,0.876996905724946,0.699380304903918,-0.344129858917203,0.0329717459048308,0.76912357265113,0.489132810887497,0.118425359798374
"384","2130",-0.258712017419502,0.727379099904852,0.517456273408773,-0.458373294121454,0.0669319079572688,0.529080354978393,0.267760994890095,0.210106076763753
"385","2201",0.159384373511761,-0.146928924788148,-0.458287128913393,0.146039706634508,0.0254033785197365,0.0215881089394011,0.210027092527681,0.0213275959138932
"386","2202",-0.153315365044014,0.101911225576618,-0.394894076153771,-0.0545901777639382,0.0235056011585793,0.0103858978985282,0.15594133138134,0.00298008750829837
"387","2203",-0.591468668061658,0.23303739061741,-0.191063249344201,-0.329879291270798,0.349835185298632,0.0543064254257715,0.0365051652499645,0.108820346809324
"388","2204",-0.264441086726205,0.17857008121108,0.225952484036919,-0.182996898814068,0.0699290883489362,0.0318872739037318,0.051054525042454,0.0334878649755662
"389","2205",-0.358411551804081,-0.0479316169478132,-0.23989546532617,-0.179448608108286,0.12845884046661,0.00229743990323189,0.0575498342840595,0.0322018029520012
"390","2207",0.912745608040846,0.523340022003891,0.343314602470693,0.0598101294744726,0.833104544997853,0.273884778631033,0.11786491626961,0.00357725158775317
"391","2208",-0.0571974408266705,0.422585541227521,-0.275664122147616,-0.15547695023301,0.00327154723712047,0.178578539654556,0.075990708239416,0.0241730820537578
"392","2209",-0.258606602583756,0.841597833986439,-0.147292297107404,-0.222719534644692,0.0668773748999128,0.708286914170665,0.0216950207871758,0.0496039911123479
"393","2210",-0.284597438303175,0.522717458765011,-0.153220348928453,-0.248914079661719,0.0809957018887297,0.273233541697751,0.0234764753257569,0.0619582190538408
"394","2211",-0.307383800213837,0.122995434956672,0.13970567725958,-0.41553097942039,0.0944848006339003,0.015127877020181,0.0195176762585579,0.172665994858068
"395","2212",-0.388176387724886,0.0804492128644077,0.19476481945352,-0.515686917367882,0.150680907987141,0.00647207585050279,0.0379333348967623,0.265932996744388
"396","2213",-0.102131725982577,0.202561539680594,0.0688478910887032,-0.48844899249674,0.0104308894521801,0.0410311773577729,0.00474003210736193,0.23858241827108
"397","2214",-0.0323480510274762,0.777987343291714,0.0522522706434349,-0.471420654459193,0.0010463964052762,0.605264306322099,0.00273029978739477,0.222237433450734
"398","2215",-0.109086550409068,0.806935495924356,0.439904034169836,-0.380563955649907,0.0118998754801502,0.651144894582687,0.193515559278896,0.144828924339904
"399","2216",-0.0923081727481194,1.22640168516434,0.351271200260848,-0.375299049562435,0.00852079875609665,1.50406109337393,0.123391456132697,0.140849376602467
"400","2217",-0.350697432579798,0.75948158465909,0.444765937236475,-0.438629782569093,0.122988689218062,0.576812277436283,0.19781673892584,0.19239608615661
"401","2218",-0.0157511465561008,0.715073557334287,0.0474976112606066,-0.18830370875069,0.000248098617831765,0.511330192398711,0.0022560230754637,0.0354582867292646
"402","2227",1.14719380589493,0.233466761267399,-0.331343264186257,0.94167966460142,1.31605362828369,0.0545067286166887,0.109788358721604,0.886760590723843
"403","2301",1.75877976722143,-0.154150422211942,-0.103660671684138,-0.507154827777345,3.09330626958748,0.02376235266812,0.0107455348540066,0.257206019337868
"404","2302",2.02599003651999,0.2580238586121,-0.372412166736945,-0.276991266586653,4.10463562807828,0.066576311613077,0.138690821933706,0.0767241617652785
"405","2303",2.08010037216112,-0.0284817288115051,-0.487368560653435,-0.0307799437950086,4.32681755826482,0.000811208876092122,0.237528113913401,0.000947404940023886
"406","2304",1.78964014633515,0.0758256761181114,-0.215867233229546,-0.0144078334420698,3.20281185337451,0.00574953315876873,0.0465986623821793,0.000207585664494425
"407","2305",1.86883227532659,-0.0671495396736009,-0.241897462447739,0.146041431792823,3.49253407330237,0.0045090606783765,0.0585143823386553,0.0213280998000978
"408","2306",1.70474885138714,-0.201723358744127,-0.25251522625193,-0.242856654130102,2.90616864630578,0.0406923134630119,0.0637639394890633,0.0589793544552678
"409","2307",1.73411168888511,-0.307008783585317,-0.438026227724737,0.283533705731729,3.00714334952797,0.094254393198536,0.191866976174763,0.0803913622859668
"410","2308",1.56003112620041,-0.231574982963877,-0.55023817379117,0.181543368527235,2.43369711471413,0.0536269727347198,0.302762047897042,0.0329579946562153
"411","2309",1.27938089721266,-0.104201327341979,-0.648893713337812,0.163704066506762,1.63681548015267,0.0108579166198303,0.421063051209335,0.0267990213908504
"412","2310",1.48228503906221,-0.19058028129237,-0.41421046782668,0.230358652242541,2.19716893702765,0.0363208436174788,0.171570311657197,0.0530651086629998
"413","2311",1.2581711039168,-0.128560474240614,-0.440913368245183,0.170322754573033,1.58299452673121,0.0165277955369715,0.194404598297313,0.0290098407253456
"414","2312",1.03893790038794,-0.236750426982359,-0.630588977771016,0.310271559936855,1.07939196086249,0.0560507646763292,0.397642458886295,0.0962684409056494
"415","2313",0.962486432106241,-0.446178388707087,-0.572498816572423,0.410674395609269,0.926380131988601,0.199075154549252,0.327754894976825,0.168653459209038
"416","2314",0.565352202734225,-0.262762619457488,-0.496877194348907,0.311026286413377,0.31962311313644,0.0690441941841607,0.246886946264041,0.0967373508400961
"417","2315",1.9890501243929,-0.183585119228581,0.206451399174312,-0.44478822772615,3.95632039734741,0.0337034960021723,0.0426221802210312,0.197836567523769
"418","2316",2.135511585881,-0.111939913093682,0.131891087713065,-0.536328858477259,4.560409733432,0.012530544143421,0.0173952590181353,0.287648644435519
"419","2317",1.90634740820042,0.35672101889304,-0.0564574478819854,-0.358165788499095,3.63416044075245,0.127249885320089,0.00318744342134709,0.128282732051179
"420","2318",1.95269683468899,0.479504507972065,-0.0778478330564084,-0.250050419937336,3.8130249282044,0.229924573165532,0.00606028511157843,0.0625252125108382
"421","2319",1.85800623048112,0.233929990126946,0.077577427113372,-0.159280327357079,3.45218715250667,0.0547232402807929,0.00601825719753054,0.0253702226829782
"422","2320",2.2131453455461,0.431623064498489,-0.0306145043556187,0.0237023248870068,4.89801232051235,0.186298469807067,0.000937247876940194,0.000561800205049223
"423","2321",1.56081056615376,0.55441135615126,-0.0586362015361726,-0.218002780673329,2.43612962341722,0.307371951829479,0.00343820413059065,0.0475252123813034
"424","2322",2.16809273126055,0.416469025839948,-0.0796673393589223,-0.0533940437664789,4.70062609134482,0.173446449484075,0.00634688496052969,0.00285092390973667
"425","2323",1.95701165573292,0.573507189412365,0.154604347304593,0.1329862400954,3.82989462067451,0.32891049630767,0.0239025042054793,0.0176853400547115
"426","2324",1.65787445140105,0.638814548875697,0.28360015764667,0.00702051924047831,2.74854769660834,0.408084027855261,0.0804290494172163,0.0000492876904059261
"427","2325",1.89525887605701,-0.0739741670717839,0.0704808242160204,-0.195135327146215,3.59200620727288,0.0054721773939642,0.00496754658216957,0.0380777959004602
"428","2326",1.50319558435201,-0.224203562980235,-0.198613567564314,0.00379691919433679,2.25959696481539,0.0502672376530324,0.0394473492206243,0.0000144165953683231
"429","2327",1.62363350507564,-0.154011133866916,0.0241255881094802,-0.0704988123904218,2.63618575880422,0.0237194293549731,0.00058204400162829,0.00497008254845988
"430","2328",1.89340221907956,0.112280702392396,0.0114397515239774,-0.0451103004251061,3.58497196321541,0.0126069561297299,0.000130867914930343,0.00203493920444333
"431","2329",1.47837281584345,-0.151468870436142,-0.147839197895996,0.124295427475581,2.18558618262489,0.0229428187112008,0.0218564284345314,0.0154493532913375
"432","2330",1.16899176602297,1.05150175515382,-0.339788374272894,-0.193973085630377,1.3665417490295,1.10565594109157,0.115456139291017,0.0376255579489697
"433","2331",2.00637049824582,0.546858131693726,-0.13860678540834,-0.0932490806660937,4.02552257623118,0.299053816199553,0.0192118409612335,0.00869539104507164
"434","2332",1.73884801592126,0.191755539451556,-0.27228389734169,-0.0401597414557813,3.0235924224733,0.0367701869103571,0.0741385207515799,0.0016128048337952
"435","2333",0.820656676889223,-0.0717145674004608,-0.493197014921809,0.186021805518341,0.673477381322863,0.00514297917743524,0.243243295527783,0.0346041121283035
"436","2334",0.720643779251863,0.0361554939980258,-0.326736887690666,0.0332034762035484,0.519327456574407,0.00130721974624128,0.106756993777783,0.0011024708319996
"437","2335",1.01798929789289,0.0526420723837166,-0.28864405325996,0.296075706512143,1.03630221062445,0.00277118778485246,0.0833153894823384,0.0876608239866644
"438","2336",0.240992074267444,0.115441456890972,-0.280031094521035,0.128111199879218,0.0580771798597254,0.01332672996911,0.0784174138986489,0.016412479534493
"439","2337",0.246753219853481,0.417937356171485,-0.232347694778542,0.0161003311450533,0.0608871515080605,0.174671633683611,0.0539854512689026,0.000259220662980374
"440","2338",0.670330130729216,1.025878003269,-0.414110371158569,-0.0884667304030264,0.449342484163448,1.05242567759119,0.171487399501088,0.00782636238820176
"441","2339",0.383148779324447,0.635605668336606,-0.264333620527299,0.0507631523509698,0.146802987097814,0.403994565621624,0.0698722629410701,0.00257689763660777
"442","2340",0.131509304771337,0.730786142879239,-0.275819153651358,-0.174837050491964,0.0172946972414403,0.534048386624316,0.0760762055209513,0.0305679942247297
"443","2341",1.8905248578797,-0.216764720893253,-0.229498131247651,-0.362846687777008,3.57408423826106,0.0469869442239297,0.0526693922461641,0.131657718830746
"444","2342",1.62276521901726,-0.375754464908123,-0.346312389879241,-0.207493287735829,2.63336695605214,0.14119141789839,0.119932271383871,0.0430534644554237
"445","2343",0.376020943436368,-0.230987643026274,-0.430683681266361,0.210398056001774,0.141391749902777,0.0533552912308333,0.185488433309144,0.0442673419693256
"446","2344",0.0932294791440881,-0.101704593523719,-0.187324735511627,0.229269061341326,0.00869173578147796,0.0103438243438248,0.0350905565345011,0.0525643024883328
"447","2345",0.491864779105026,-0.383026438941252,-0.563778177012015,0.0624392504154077,0.241930960924036,0.146709252928017,0.317845832874991,0.00389865999243799
"448","2346",0.394945415031964,0.00921028512415399,-0.506817135220536,0.162217332486911,0.15598188085477,0.0000848293520682122,0.256863608553151,0.0263144629591692
"449","2347",1.31891408033406,0.538163647094066,-0.16875775321508,-0.305672256885027,1.73953435130344,0.289620111053587,0.028479179270202,0.0934355286291862
"450","2348",0.964388520288801,0.554561641639666,0.141106259982804,-0.147716587451841,0.930045218064824,0.307538614378081,0.0199109766063348,0.0218201902084174
"451","2349",2.092094271657,0.777010169796254,-0.0728953707696279,-0.0339794094873037,4.37685844150005,0.603744803966804,0.00531373507964152,0.00115460026910586
"452","2350",1.77705680615699,0.941424193113136,-0.00993319057014634,-0.0678844751524885,3.15793089230889,0.886279511378719,0.0000986682749028442,0.00460830196672882
"453","2401",0.393828437966348,0.01121625681842,-0.0668968573710594,-0.362525219148979,0.155100838551014,0.000125804417016753,0.00447518952612386,0.131424534519015
"454","2402",0.802126009478278,0.178537870650485,0.439078177188828,-0.400591250957953,0.643406135081547,0.0318757712564094,0.192789645683464,0.160473350344058
"455","2403",0.441179324146219,-0.143975369631331,0.402961928444053,-0.418535405727571,0.194639196054114,0.0207289070604783,0.16237831577535,0.175171885847543
"456","2404",0.770684791627476,0.0663166749437408,0.433518545507325,-0.372838116399645,0.593955048045886,0.00439790137559377,0.187938329298787,0.139008261040435
"457","2405",1.26764722821885,0.104651785208597,0.403796640755533,-0.342436344307075,1.60692949521094,0.0109519961473463,0.163051727085453,0.117262649902393
"458","2406",1.15193070105161,0.15329152103225,0.385553975694191,-0.241399251370168,1.32694434002526,0.0234982904203806,0.148651868173597,0.0582735985620776
"459","2407",0.745490794075721,0.239659913453606,0.360618067717875,-0.256141329990697,0.555756524051648,0.0574368741165902,0.130045390764574,0.0656083809294032
"460","2408",0.361912530444016,0.105918549223979,0.36497614251105,-0.23091947182149,0.130980679692391,0.0112187390697125,0.133207584602246,0.0533238024663157
"461","2409",0.462821653047565,0.203981088460506,0.275993002269606,-0.469973373998013,0.214203882529681,0.0416082844495328,0.0761721373017908,0.220874972267076
"462","2410",1.25904769797483,-0.00874165322669359,0.130250423561739,-0.592079868557589,1.58520110577572,0.0000764165011357624,0.0169651728380124,0.350558570751172
"463","2411",1.01453769105507,0.339986313160858,0.237799215391611,-0.460898015061225,1.02928672657135,0.115590693136713,0.0565484668408659,0.212426980287378
"464","2412",0.826482839145573,0.878486410989693,0.270053865947284,-0.300214173071377,0.683073883402127,0.771738374293553,0.0729290905130737,0.0901285497129306
"465","2413",1.09440829819596,0.334150136203763,0.247571325336571,-0.541172071569693,1.19772952316018,0.111656313524993,0.0612915611289063,0.292867211047033
"466","2414",0.819952083507082,0.364502169970317,0.32078982717572,-0.405119080353299,0.672321419247604,0.13286183191307,0.102906113219428,0.164121469266302
"467","2415",0.712888215612209,0.175163933060695,0.170306831454372,-0.267806293401231,0.508209607958759,0.0306824034452917,0.029004416840028,0.0717202107853065
"468","2416",0.849732375169944,0.216019361000221,0.100543233080976,-0.232912273984253,0.722045109411954,0.0466643643269438,0.0101089417183754,0.0542481273725158
"469","2417",0.867128136427158,0.336109920457911,-0.00252090509301333,-0.20802747330538,0.751911204983637,0.112969878630223,0.00000635496248798056,0.0432754296498205
"470","2418",0.925501996363814,0.565680131306402,-0.0582923792975639,-0.270103439258106,0.856553945273405,0.319994010954828,0.00339800148417106,0.0729558678990573
"471","2419",0.308528716010246,0.4309861071973,0.151731612699783,-0.19504845404253,0.0951899686029312,0.185749024597083,0.023022482292477,0.0380438994243808
"472","2420",0.151164488057513,0.455416240191661,0.332150757695832,-0.0205466620301931,0.0228507024496901,0.207403951830309,0.110324125837916,0.00042216532058298
"473","2421",0.0802748540877534,0.261355018504794,0.529283191310483,-0.269910348143471,0.0064440521988101,0.0683064456976413,0.280140696603809,0.0728515960349299
"474","2422",0.702438297467958,0.274774950809187,0.414475953754946,-0.0993259267540144,0.493419561749684,0.0755012735921914,0.171790316241072,0.00986563972554383
"475","2423",0.0741261410868146,0.167784216966609,0.493160482019715,0.0189416265551112,0.00549468479242235,0.028151543463098,0.243207261025917,0.000358785216553293
"476","2424",0.519739884622343,-0.0848286169653662,0.482647968661059,0.064450132264126,0.270129547667247,0.00719589425625682,0.232949061652647,0.00415381954886333
"477","2425",-0.283436052903798,0.533328091557062,0.47888651177282,-0.0816916702983208,0.0803359960856848,0.284438853243898,0.229332291157939,0.00667352899612955
"478","2426",0.3639094431076,0.41120414925009,0.361583994279603,-0.0345855202535587,0.132430082782884,0.16908885236049,0.130742984919192,0.00119615821120932
"479","2501",1.34526391423743,1.7307116092228,0.280472359978262,-0.317725980322815,1.80973499894942,2.99536267429859,0.078664744711776,0.100949798572094
"480","2502",0.306290501625693,-0.067646298294038,0.435899770147551,-0.0051811884175997,0.0938138713861184,0.00457602167288596,0.190008609614688,0.0000268447134186693
"481","2701",1.4310895275285,0.440688559057365,0.301352658752908,-0.0383227317984707,2.04801723580175,0.194206406084056,0.0908134249374466,0.00146863177249752
"482","2702",1.7910868923264,0.202205593108834,0.278312843873688,0.206608815876533,3.20799225586346,0.0408871018844955,0.0774580390650599,0.042687202797903
"483","2703",1.8235833510561,0.493337854220387,0.261879386504411,0.107770952107541,3.32545623824899,0.243382238406776,0.0685808130759267,0.0116145781181659
"484","2704",1.3957915611835,0.404030292412606,0.0486386619499841,-0.250931250970431,1.94823408227108,0.163240477187016,0.00236571943628484,0.0629664927135855
"485","2705",1.36271724673953,0.507763815450607,-0.236159620318237,-0.482068078958717,1.85699829456137,0.257824092280959,0.055771366268854,0.232389632750948
"486","2706",1.32435780913318,0.935301171339322,-0.320507703669406,-0.503672276722783,1.75392360661205,0.874788281108708,0.102725188111436,0.253685762339111
"487","2707",1.11469542315356,1.21221987223252,-0.302748070345833,-0.465520507748975,1.24254588639949,1.46947701863543,0.0916563940981257,0.216709343134863
"488","2708",0.24389112733397,1.13849778938493,-0.352980185782298,-0.529690985451407,0.0594828819922348,1.29617721643437,0.124595011554905,0.280572540068482
"489","2709",0.208128179642984,1.14932584359427,-0.386328767912294,-0.439564436221629,0.0433173391615022,1.32094989475368,0.149249916916631,0.193216893590838
"490","2710",-0.0591030742438721,0.894517117550618,-0.22261127464579,-0.328192910353763,0.00349317338507666,0.800160873591065,0.0495557795994234,0.107710586406473
"491","2711",-0.194909327809884,0.748347039273433,-0.21861742789655,-0.192231821766553,0.0379896460673009,0.560023291189314,0.0477935797801034,0.0369530732996878
"492","2712",-0.236758493843922,1.42610488122093,0.220013445293588,-0.379243965303001,0.0560545844072424,2.03377513224215,0.0484059161099546,0.143825985218744
"493","2713",-0.0718650422830392,1.32072623399342,0.0131195140600294,-0.324364810983013,0.00516458430234302,1.74431778515844,0.000172121649171309,0.105212530604046
"494","2714",0.697993109903692,1.28608022817434,-0.308417109026118,-0.439472981662136,0.487194381473027,1.65400235330097,0.0951211131400286,0.193136501611009
"495","2715",0.626156618566735,0.768795980778021,-0.413000381351759,-0.125194942315785,0.392072110974928,0.591047260060439,0.170569314996698,0.0156737735814526
"496","2716",1.08640468615289,0.704941356738596,-0.423310297837081,-0.360481420749265,1.18027514209496,0.496942316440453,0.179191608254918,0.129946854705408
"497","2717",0.739630151343806,0.419156117098742,-0.249256694420036,-0.0508559441162187,0.547052760776861,0.175691850501294,0.0621288997132031,0.00258632705195195
"498","2718",1.2581744683196,0.255567746253216,0.189182002490839,-0.157504578114778,1.5830029927313,0.0653148729249481,0.0357898300664437,0.0248076921271144
"499","2719",0.29415588737673,0.216069378149476,0.00578202904182802,0.00851349680827704,0.0865276860783914,0.0466859761739012,0.0000334318598405426,0.0000724796279045433
"500","2720",1.6083928946018,0.085721458318157,0.46706812886414,0.128168968966571,2.58692770340557,0.00734816841619152,0.218152637000649,0.0164272846059538
"501","2721",0.99437735851704,0.00451026212827743,0.534869473947119,-0.0368584816004206,0.988786331131326,0.0000203424644657737,0.286085354160467,0.00135854766588854
"502","2722",0.511286966830931,-0.109801313594424,0.696881450466945,-0.152724790921614,0.261414362451174,0.0120563284670611,0.485643756004913,0.0233248617620507
"503","2723",0.368307044925665,-0.0474751582915836,0.678605613588667,-0.127720621901682,0.135650079341876,0.00225389065481092,0.460505578794051,0.0163125572589524
"504","2724",-0.264441086726205,0.17857008121108,0.225952484036919,-0.182996898814068,0.0699290883489362,0.0318872739037318,0.051054525042454,0.0334878649755662
"505","2725",1.35101974953535,0.0547291885249674,0.507581506161801,0.0963796419433889,1.82525436363456,0.00299528407660143,0.257638985397482,0.00928903538113585
"506","2726",1.4737414575829,0.158826932675803,0.419134010048855,0.0209615017818854,2.17191388379857,0.025225994543204,0.175673318379634,0.000439384556951984
"507","2727",1.32774143700686,0.366335651941459,0.14940953700121,-0.0288687283151702,1.76289732354505,0.134201809883373,0.022323209746916,0.000833403474535107
"508","2728",-0.312392442269799,0.147713136094432,-0.205441998035285,0.555874387510291,0.0975890379872896,0.0218191705748522,0.0422064145567301,0.308996334689941
"509","2729",-0.01496668466017,0.141134730826124,0.222107230680417,-0.0213039016534602,0.000224001649716969,0.0199190122453624,0.0493316219205241,0.000453856225660305
"510","2730",0.317076485878884,0.224403503217246,0.489976534905395,-0.069010988948345,0.100537497897302,0.0503569322561727,0.240077004757898,0.00476251659562859
"511","2731",1.63851461612491,-0.0855316027831345,0.388591171765561,-0.0989483602766583,2.68473014725495,0.0073156550746519,0.151003098774132,0.00979077800143938
"512","2732",0.320739447426023,0.0108949483730206,0.735043099899364,-0.255210384452448,0.102873793135151,0.000118699900050783,0.540288358709666,0.0651323403323663
"513","2733",0.300534549926875,0.184102351002373,0.823523917400095,0.113381548171206,0.0903210156997494,0.033893675644601,0.678191642529999,0.0128553754656995
"514","2734",0.427141714299664,0.122538407584909,0.562872139899423,0.153242729505864,0.182450044094855,0.0150156613334452,0.316825045874955,0.0234833341464074
"515","2735",0.389049374643965,0.179872109993406,0.572253043459588,0.0431446904215914,0.15135941591086,0.03235397595348,0.327473545748761,0.00186146431157496
"516","2801",0.197849593366715,0.401939868365208,0.697620481570903,-0.340088216318331,0.0391444615953746,0.161555657781441,0.486674336307218,0.115659994878584
"517","2802",0.272388586094922,0.718884719955203,0.660425774198187,-0.361896418675641,0.0741955418347909,0.516795240585071,0.436162203225275,0.130969017850255
"518","2803",-0.00719810964344316,0.717024961657051,0.517884851142794,-0.374328779659849,0.0000518127824390294,0.514124795639295,0.268204719043194,0.140122035281632
"519","2804",-0.378257874553301,0.791518415117501,0.27997517109665,-0.426802369384496,0.143079019661581,0.62650140147012,0.0783860964305983,0.18216026251222
"520","2805",-0.606874596588258,0.683654406313569,0.174779630255554,-0.454532200998173,0.368296775984161,0.467383347271958,0.030547919152268,0.206599521744243
"521","2806",-0.565291004984362,0.546925529080242,-0.106808964715308,-0.319246841628762,0.31955392031623,0.299127534359703,0.011408154943556,0.10191854588994
"522","2807",-0.540128739943608,0.467554885776954,-0.268270407002493,-0.143431469609852,0.29173905571307,0.218607571213901,0.0719690112732835,0.020572586474442
"523","2808",-0.492911502241369,0.734617266566955,-0.219074178271614,-0.0897840818876876,0.242961749041843,0.539662528338305,0.0479934955853831,0.008061181360415
"524","2809",-0.637347945117328,0.5997889818163,-0.547221926637101,-0.186622746465669,0.40621240314528,0.359746822708234,0.299451836992421,0.0348280494983894
"525","2811",0.0652266023729793,0.733278694393254,-0.0157674159549854,0.181625139117216,0.00425450965712275,0.537697643651075,0.00024861140589753,0.032987691159348
"526","2812",0.144359665727911,0.687038384624154,-0.247556902417766,0.0480659900830069,0.0208397130890743,0.472021741946967,0.0612844199346794,0.00231033940265972
"527","2813",-0.416753881292832,0.655037983127762,-0.724707065388128,-0.0359687977603743,0.17368379757264,0.429074759340087,0.525200330623472,0.00129375441232671
"528","2901",0.525570128051699,0.100776882158473,0.535368908337128,0.476397234658124,0.27622395950028,0.0101559799775828,0.286619868014089,0.226954325189908
"529","2902",0.802053261109463,0.0691213686540201,0.665266436166704,0.354962468231742,0.643289433656325,0.00477776360460496,0.442579431089948,0.12599835385317
"530","2903",-0.0157511465561008,0.715073557334287,0.0474976112606066,-0.18830370875069,0.000248098617831765,0.511330192398711,0.0022560230754637,0.0354582867292646
"531","2904",-0.378133205941522,0.331658899502544,-0.0758180383417102,0.223457545246578,0.142984721435614,0.109997625619239,0.00574837493798504,0.0499332745276265
"532","2905",0.312966705193943,0.49254304629934,0.485241563782457,0.142975774305811,0.0979481585599526,0.242598652457834,0.235459375222044,0.0204420720383462
"533","2906",0.842322951799484,0.34058629584285,1.06546919178188,0.467965853428001,0.709507955128195,0.115999024915953,1.13522459863632,0.218992039974598
"534","2907",1.11115531397435,0.373250273516035,0.923381013154796,0.866762791360524,1.23466613177343,0.139315766679795,0.852632495454778,0.751277736487088
"535","2908",0.895545738892209,0.259584277387145,0.67370713364481,0.837109161195915,0.802002170447992,0.0673839970666062,0.453881301923906,0.700751747758129
"536","2909",0.199214999314585,0.673449954902768,0.964556768252011,0.680771454269977,0.0396866159519103,0.453534841758541,0.930369759180763,0.46344977294886
"537","2910",0.970909298043136,0.72738314689097,0.5657336130955,1.18992062643283,0.942664865026616,0.529086242381011,0.320054520986089,1.41591109721029
"538","2911",0.868346185677948,0.560216589781756,0.368466719014646,0.376564966824985,0.754025098181442,0.313842627466701,0.135767723021418,0.141801174239902
"539","2912",0.585498814080387,0.777025261113428,0.102096585099464,0.488503303974439,0.34280886128954,0.603768256408391,0.0104237126889722,0.238635477993943
"540","2913",0.713162506461321,0.692825810163025,0.292230354459032,0.844464617009057,0.508600760622193,0.480007603228052,0.0853985800672517,0.713120489380253
"541","2914",0.511089064781778,0.918890213304269,0.674268045046026,0.914740597311038,0.261212032139513,0.844359224106365,0.45463739657019,0.836750360368955
"542","2915",0.221133208715698,0.688381614933308,1.3921490499561,0.77693462234391,0.0488998959969004,0.47386924777819,1.93807897729368,0.603627407396674
"543","2916",0.333389163762254,0.8716317039951,0.580909056395172,0.736484861937952,0.111148334514095,0.759741827409402,0.337455331801929,0.542409951863765
"544","2917",0.192700623945817,0.837752079167918,-0.0242214557506714,0.0652563510563212,0.0371335304691073,0.70182854615017,0.000586678918681733,0.00425839135318583
"545","2918",-0.113781903341555,0.968569204828583,-0.0724095399445234,-0.194588345552519,0.012946321528027,0.938126304542273,0.00524314147497754,0.0378646242248666
"546","2919",-0.238464073348272,1.12745202009808,0.258195306735313,-0.0576043615729532,0.0568651142778501,1.27114805762324,0.0666648164201426,0.00331826247222753
"547","2920",0.113893806974527,0.80929514883064,0.0957139763749869,0.381892826301208,0.0129717992671509,0.654958637920807,0.00916116527351154,0.145842130780324
"548","2921",0.0725555987911578,0.715124705227449,1.53669476056566,0.588967579261712,0.00526431491594345,0.511403344026646,2.36143078714996,0.346882809421401
"549","2922",-0.160468221779278,0.745527158383711,0.607353719154325,0.0517867096793688,0.0257500502010035,0.555810743887691,0.368878540170591,0.00268186329941523
"550","2923",-0.484442131610455,0.89264092434151,-0.00623810211211066,-0.0842491078476406,0.234684178879281,0.796807819809266,0.0000389139179611195,0.00709791217312338
"551","2924",-0.475449690920602,0.899849362177562,-0.220856217786563,-0.224044516788717,0.226052408596496,0.809728874611364,0.0487774689349859,0.0501959455030899
"552","2925",-0.366819016755391,0.345361013861349,0.331918680091204,-0.025905728312468,0.134556191053392,0.119274229895339,0.110170010193487,0.000671106759399404
"553","2926",-0.111979462963009,0.536296387410926,0.44860643315265,0.0607217020447564,0.0125394001254839,0.28761381515001,0.201247731865943,0.00368712509921218
"554","2927",-0.149045550836191,0.690980102639532,-0.506736638090165,-0.158029177910854,0.0222145762240636,0.477453502243738,0.256782020382923,0.0249732210711802
"555","2928",-0.271268458166401,0.949439239575202,-0.359754702058533,-0.19753981497185,0.0735865763959764,0.901434869645139,0.129423445653224,0.0390219784991129
"556","2929",-0.0931406983187625,0.977580787808056,-0.114586056525956,-0.176014285107647,0.00867518968330673,0.95566419669142,0.0131299643501697,0.0309810285619561
"557","2930",-0.334928439649653,1.06638839467376,0.152066152862624,-0.17555288482897,0.112177059686151,1.13718420829489,0.0231241148464389,0.0308188153717735
"558","3001",0.0904556687808755,0.202490713161326,0.82231565632078,0.433129447880316,0.00818222801459546,0.0410024889165825,0.676203038630274,0.187601118621107
"559","3002",0.02138861103325,0.619542415441796,0.84928894948463,0.568484744676387,0.000457472681931664,0.383832804531454,0.721291719716706,0.323174904929777
"560","3101",-0.564437158360193,0.221824031670262,0.15306111187424,0.0118338979022133,0.31858930573773,0.0492059010264493,0.0234277039681785,0.000140041139560007
"561","3201",-0.340211074687263,0.788266385388101,1.71727436912088,0.392891423882836,0.115743575339863,0.621363894332822,2.94903125883953,0.154363670960682
"562","3202",-0.451923409640389,0.722351240732541,1.14754254543811,0.198871451250023,0.204234768180995,0.521791314987841,1.31685389359058,0.0395498541222904
"563","3203",-0.165802721761499,0.71199789187522,0.194311147073011,-0.0179376612025952,0.0274905425435209,0.506940998034757,0.0377568218768294,0.000321759689419088
"564","3204",-0.339621959573306,0.708761176367644,0.856432289192945,0.168723254929049,0.115343075424412,0.502342405126046,0.733476265972268,0.0284675367538529
"565","3205",-0.270414671868656,0.782306013320768,0.736371693069074,0.133273069695758,0.0731240947618329,0.612002698477833,0.542243270353415,0.0177617111061303
"566","3206",-0.323735891559423,0.914060090832018,0.367210755064275,0.116497051786908,0.104804927483774,0.835505849651837,0.134843738634875,0.0135715630750414
"567","3207",-0.388870437039652,0.763437025517067,0.503231020240615,0.188907643198549,0.15122021680341,0.582836091930347,0.25324145973241,0.0356860976588302
"568","3208",-0.346745506290537,0.651541179852064,0.52033640632759,0.322136784941908,0.120232446132681,0.42450590904302,0.270749975749911,0.103772108212709
"569","3209",-0.258142025596267,0.913024923384191,0.042020582623789,0.346001721587375,0.066637305378944,0.833614510720708,0.00176572936404267,0.119717191341428
"570","3210",-0.35936659628625,0.714511521283255,0.516632523863243,0.392790091134237,0.129144350526364,0.510526714046512,0.266909164713305,0.154284055693242
"571","3211",-0.477284993067911,0.7392389454954,0.541924994906647,0.292380835582247,0.227800964607836,0.54647421853715,0.29368270010457,0.0854865530157727
"572","3212",-0.352674629273753,0.894103717231702,0.133015975409163,0.369829764827481,0.124379394133379,0.799421457167547,0.017693249714051,0.13677405495235
"573","3213",-0.415349244771556,1.19734262444624,0.184618555358176,0.342843014637315,0.172514995132302,1.4336293603158,0.0340840109825397,0.117541332685602
"574","3214",-0.492245535313497,1.51557372395074,0.243509794441601,0.344550133973239,0.242305667036071,2.29696371272992,0.0592970199889909,0.118714794820977
"575","3301",-0.436660355234367,0.637709123632102,-0.978571039244914,0.116912653568308,0.190672265833404,0.406672926363624,0.957601278848871,0.0136685685643832
"576","3302",-0.546351862111469,0.539044575495044,-0.875954564581833,0.205366600307724,0.298500357232669,0.290569054370633,0.767296399211748,0.0421754405219523
"577","3303",-0.541779332681055,0.67334977082417,-0.866033149769494,0.0656855661186841,0.293524845320329,0.453399913868962,0.750013416499671,0.00431459359633203
"578","3304",-0.43690475767489,0.742676368399998,-0.739417812048142,0.0892924124378786,0.190885767278954,0.551568188179809,0.546738700774062,0.00797313491897622
"579","3305",-0.550325449690771,0.787306251330776,-0.690409464546852,0.00224240458457438,0.30285810057735,0.619851133384519,0.476665228735871,0.0000050283783209202
"580","3306",-0.560327364323669,0.725557888642657,-0.613966468298325,-0.0713305626631642,0.31396675520991,0.52643424977159,0.376954824194718,0.0050880491698436
"581","3307",-0.444105599857378,0.729383611053429,-0.540759825189851,0.0475173153953785,0.197229783824682,0.532000452073339,0.292421188539358,0.00225789526238387
"582","3308",-0.483361739824425,1.12514716702951,-0.55013370311446,0.253086485709203,0.233638571526095,1.26595614747453,0.302647091302429,0.0640527692486348
"583","3309",-0.443240365982599,0.946072584584279,-0.295920503913855,0.019194535345075,0.196462022036388,0.895053335301978,0.0875689446366299,0.000368430187113334
"584","3310",-0.454449665075379,0.935819748917329,-0.0822421261186526,-0.0529548789400094,0.206524498087124,0.875758602463693,0.00676376730851635,0.00280421920355106
"585","3311",-0.484486777283903,1.49580749476896,-0.357480413817678,0.183075605577282,0.234727437362942,2.237440061407,0.127792246263258,0.0335166773574885
"586","3312",-0.600989055305573,1.66261387170177,-0.677342185357222,0.165408479444042,0.361187844597085,2.76428488637516,0.458792436064497,0.0273599650719902
"587","3313",-0.590179193118413,1.450196208861,-0.668712451817045,0.233596836089295,0.348311479989901,2.10306904419483,0.447176343215163,0.0545674818309291
"588","3314",-0.536705637232756,1.23152112898001,-0.62173886070058,0.143756701875869,0.288052941037418,1.5166442911242,0.386559210905255,0.0206659893342276
"589","3315",-0.582263210717923,1.2621200061807,-0.596387706745654,0.199583516773775,0.339030446555544,1.59294691000158,0.35567829675734,0.0398335801677877
"590","3316",-0.595428088746497,1.06161945657744,-0.575762033591418,0.0741955376068505,0.354534608868306,1.12703587058379,0.331501919325325,0.00550497780076956
"591","3317",-0.63323743663516,1.34248454247097,-0.498483769886657,0.0523034320212006,0.400989651156268,1.8022647467735,0.248486068840414,0.00273564900119635
"592","3318",-0.60941103281344,1.31187613396028,-0.466282369306533,0.221437473018885,0.371381806914744,1.72101899085456,0.217419247926114,0.0490345544569892
"593","3319",-0.605812133314587,1.16395107340522,-0.50077402078695,0.249265487977268,0.367008340871171,1.35478210128116,0.250774619895128,0.0621332834965456
"594","3320",-0.632896867530211,1.21924088335572,-0.509993880831794,0.260757004375867,0.400558444929554,1.48654833164604,0.260093758485875,0.0679942153310761
"595","3321",-0.582841558908705,1.39327161603872,-0.391044208790812,0.296551306675837,0.33970428279113,1.94120579605914,0.152915573228832,0.0879426774911461
"596","3322",-0.438767571114359,1.47519584556798,-0.256297111511762,0.247258793757987,0.192516981461594,2.17620278278102,0.0656882093692724,0.061136911090655
"597","3323",-0.323645542076663,1.41672058949568,-0.153700890044688,0.254382675936525,0.104746436906097,2.00709722870098,0.0236239636005294,0.0647105458166273
"598","3324",-0.403335108799215,1.34290708750121,-0.323282296737501,0.272222883888837,0.162679209990075,1.80339944566097,0.104511443383874,0.0741052985127553
"599","3325",-0.586260629260187,1.57155560986505,-0.00866381813702758,0.287283877904952,0.34370152542055,2.4697870348983,0.0000750617447114881,0.0825320265041074
"600","3326",-0.488299012604287,1.28919334680501,-0.165569960963777,0.397696790424059,0.238435925710322,1.6620194854463,0.0274134119735467,0.158162737113598
"601","3327",-0.41575128731946,1.30134485942159,-0.104383105804857,0.389752180640401,0.172849132907788,1.693498443143,0.010895832777468,0.151906762313948
"602","3328",-0.426810461629662,1.76653296853163,0.289432561394128,0.431631630287121,0.182167170156525,3.12063872890919,0.0837712075951654,0.186305864264318
"603","3329",-0.359619949015149,0.653114959799854,-0.479956164574647,-0.0959471469552676,0.129326507729658,0.426559150714365,0.230357919913206,0.00920585500885571
"604","3330",-0.232875117724181,0.742709311826538,-0.352007168752071,-0.208695254758788,0.054230820455051,0.551617121873849,0.123909046852849,0.0435537093588353
"605","3331",-0.389482300506745,1.07584693112185,-0.0761576380497277,0.0909482941352606,0.151696462408026,1.1574466192043,0.00579998583331334,0.00827159220611388
"606","3332",-0.391122614950177,1.26326448435658,-0.211373699544609,0.17616043314829,0.152976899925464,1.5958371574367,0.0446788408591745,0.031032498206993
"607","3401",-0.465218714910993,1.36009048102534,0.101965839993946,-0.356860217031816,0.216428452703436,1.84984611657574,0.010397032525671,0.127349214499995
"608","3402",-0.590837605341916,0.926723649700397,-0.422800493860212,-0.0188700944413329,0.34908907588617,0.858816722914024,0.17876025760844,0.000356080464224821
"609","3403",-0.470603738884997,0.641483649816141,0.950664320876628,0.30502888625432,0.221467879052539,0.411501272981438,0.903762650987821,0.093042621449551
"610","3404",-0.575237145715383,1.28678061470388,-0.545462852109167,0.09557099353861,0.330897773810781,1.65580435037768,0.297529723031067,0.00913381480595703
"611","3501",-0.549412669921222,-0.111921806216052,0.53381454356774,1.002043591867,0.301854281869966,0.0125264907066636,0.284957966924434,1.00409136000172
"612","3503",-0.00724083567231948,0.184194452489115,-0.219921533181007,-0.47420816547893,0.0000524297012335343,0.0339275963277649,0.0483654807566846,0.224873384206892
"613","3601",-0.204536841915554,1.52973255748237,-0.0721079859870581,-0.3820639552044,0.0418353197007885,2.34008169742154,0.00519956164310976,0.14597286586643
"614","3605",-0.34815798840356,0.813433627232922,-0.201565649571415,-0.225810066764105,0.121213984889213,0.661674265913308,0.0406287110871464,0.0509901862520095
"615","3613",-0.485766256943936,1.33088122132629,-0.0650404801986799,-0.274880402171825,0.235968856385322,1.77124482527895,0.00423026406447488,0.0755592354981442
"616","3617",-0.364419613979465,0.588689283884984,-0.10053970819682,-0.244842882749167,0.132801655052943,0.346555072961016,0.0101082329243018,0.0599480372329222
"617","3622",0.050054361178394,0.326872894580043,-0.144350970551263,-0.28544781506832,0.00250543907297712,0.106845889211136,0.0208372026990916,0.081480455127278
"618","3623",-0.341486552751407,0.452532538499344,-0.0745339458342509,-0.223981147156853,0.11661306571004,0.20478569840066,0.00555530908162305,0.0501675542817
"619","3625",-0.219141327034507,0.450457108984315,0.0697668076633684,-0.0489414282474126,0.0480229212144447,0.202911607034507,0.00486740745153744,0.00239526339889664
"620","3629",-0.435084478304414,0.610487224406758,-0.0925396625467375,-0.174912197368909,0.189298503261424,0.372694651163867,0.00856358914426406,0.0305942767884202
"621","3631",-0.607585095101751,1.00281311352122,0.0502396697153493,-0.388700614504824,0.369159647789804,1.00563414065013,0.00252402441310739,0.151088167716428
